Gopal Das ,1
Shreshth Vashist,2
25550717,3
Nimrita Koul Pandita,4
Maheswar Deka,5
Rayees Dar,6
Purushesh Naad,7
Vidyasagar Paul,8
Sruthi Inguva,9
Kaushlendra Singh ,10
Wani Absar,11
Satish Gupte ,12
Gani Kaak,13
Alqama Pervez ,14
Vivek Kumar ,15
Jerrin Koduvath,16
8860088,17
Usman Ghazi ,18
Padmanabhan Venkatesan ,19
Abhishek Singh ,20
Ravi Kant ,21
Avdhesh Pandey,22
Malik Fahd,23
Ankush Sharma ,24
16981544,25
28708693,26
Arsalan Shah ,27
Sayed Khalid Faredie,28
25275880,29
Irshad Bhat ,30
Rahul Adak,31
Gaurav ,32
Sibte Ali,33
Gyan Rohra,34
11463447,35
Rajat Gupta ,36
Paras Sharma ,37
Mayur Manudhanya,38
11625091,39
Gunjan Kalita ,40
Saksham Bathla ,41
Mohammad Noor Alam ,42
Jamal Siddiqui,43
Kevin Mathew ,44
Shaswat Nayak ,45
Jatinpal Singh,46
Vishrut Dinesh,47
Shashi Kanth ,48
Sahask,49
Lokvikyath Kurugundla,50
Shanu Khan ,51
Mukesh Sharma ,52
Anzar Shah ,53
Pratik Kale ,54
John Cena ,55
Anand Kaul ,56
Ruddy Raar,57
18500024,58
Musa Zargar,59
11143945,60
11469882,61
Joseph Boyle,62
Umar Suharwardy ,63
Parray Saleem,64
Sagar Hindustani,65
Kamal Gupta ,66
25224720,67
Vinam Singh,68
Abhishek Mittal ,69
Nalin Savara,70
Giridharan Velamore ,71
Debabrata Roy,72
Ravi Bhat ,73
Fazal Bhat,74
Aboo Umar,75
Sheikh Shehzad Muhammad Al Lateef ,76
Danish ,77
Sashank Rangarajan,78
Ankit Nagpal,79
Jivrajsingh Sandhu,80
Nirmal Vachhani,81
Ankit Sharma ,82
Faisal Shafi ,83
Owais Owais ,84
20039456,85
Nikita Prashar,86
10338930,87
Kaushalendra Rajput ,88
Jaidev Joshi,89
Saswat Routroy,90
Rajan Jamwal,91
Lateef Sagar,92
Aanehi Mundra,93
Umang Mathur ,94
Ajay Sharma ,95
Piyush Nawalgaria,96
Kapil Bansal ,97
Sushovan Roy ,98
Ravi Shankar Pandit,99
Arbazz Hoccane,100
Rakesh Wagh,101
Adish Jain ,102
Rajan Khajuria ,103
Ronan Christian,104
Jatin Singh ,105
Shubhankit Naresh,106
Madhav Pai,107
Ishabh Verma,108
Randhir Kapoor ,109
Arjun Kumar ,110
RK Sharma ,111
Shan Barani,112
Rafi Saeed,113
Raj Kr ,114
Sunil Sigma,115
Prashant Mazumdar,116
Ameet Singh,117
Dhaval Trivedi ,118
Ashwani JP Singh,119
Nivesh Ram,120
Naresh Trivedi ,121
Amitabh Dutta,122
Prayag Raj ,123
Anurag Kumar ,124
14708455,125
26583571,126
29140378,127
35169571,128
Iqbal Singh ,129
Manish Shrivastava ,130
Sam Perera ,131
Shraddha Gurung ,132
Zonaid Prithu,133
Geetanjali Sonawane,134
Anvit Shankar,135
Sandeep Goswami ,136
16876105,137
Chit Dubey,138
Akhil Chandran ,139
Pragya Bakshi ,140
Sheikh Saqib ,141
Shreyas Zidane Sarkar,142
Pawan Rajwal ,143
Abhijit K ,144
Rajindar Opal ,145
Ashish F,146
Devendra Parmar ,147
Chetan Kumar ,148
Khajan C Joshi,149
Jatin Gosalia,150
Siddhant Gakhar,151
Altaf Gul,152
LEO Cadio,153
Rameshwar Acharya,154
Devansh Suri,155
Prateek Sharma ,156
Seerat Sharma ,157
Manish Kumar ,158
Nithesh Satish,159
Vikram Yashashvi,160
Hakeem Aaqib ,161
Surya Narayan Singh ,162
Akshaya Ramachandran ,163
37037226,164
Moti Lal Khanna,165
Rajan Rajagopal,166
Sankalp Tripathi ,167
Arijeet Roy ,168
Neeraj Sharma ,169
Avinash Kumar ,170
28841217,171
35091152,172
Arbaaz Hoccaine,173
Vikash Sharma ,174
Raj Menon ,175
Lakshmi Ram ,176
Sanjeet Chhoker,177
Om Taneja,178
28847706,179
11628593,180
Nilay Vishwakarma,181
Yogita Karache,182
36815115,183
Satinderpal Singh ,184
Aayush Sinha ,185
Bapat Lal,186
13084685,187
Rajneesh Kumar Salgotra,188
Avin Rishi ,189
Rahila ,190
Firdous Ahmad ,191
Mahesh Maera Garkoti,192
Saksham Dangi,193
Aditya Joshi ,194
37748680,195
Nikhil Jain ,196
Mangesh Kadu ,197
Sameep Kapoor ,198
Mir Burhan,199
Rahul Bose ,200
Ashok Singh ,201
Sharad Srivastava ,202
Yugander Krishan Singh,203
Obaid Ashraf Shah ,204
Pravinchandra G Dhameliya,205
Mohan Dudha,206
Sarvesh Dindore,207
Jitender Aggarwal ,208
Faisal Ashfaq,209
Mehreen Khan ,210
Charan Kumar ,211
Vivek Singh ,212
Sunil Gupta ,213
Sri ,214
Suresh ,215
Prakhar Gupta ,216
Rajagopalan K Suryanarayan,217
Nath Yogi,218
Nadir Osman,219
John Mc Valsayan,220
Joyson Fernandes,221
Abhinav Agarwal ,222
Krishna Sudarshana,223
Alok Kumar Singh ,224
Ashutosh Singh ,225
Akash Kapoor ,226
Nitish Sharma ,227
Jogi Bhullar,228
Gajender Chauhan,229
Aly Naseer,230
Muhammad Saif Ali ,231
Surendran Nair ,232
Dushyant Rao ,233
Tina Jacob ,234
Muarij Masoodi,235
Rahul ,236
Nikhil Seri ,237
Raghavendra Shankar Rai,238
Thanga Durai,239
Javed Khan ,240
Ram Sury ,241
Sagar Bhandarkar,242
Sanjay Wali,243
Abhishek Sharma ,244
Saurabh Singh ,245
Abid Mahmood ,246
Ashutosh Raina ,247
15643446,248
Pranay Rauka,249
Nitin Joglekar ,250
Sampurna Poudel ,251
Gopal Sinha,252
Sam Katze,253
Subodh Chalak,254
25711246,255
Prathmesh Vyavahare,256
Gaurav Shenoy,257
20227008,258
Vedchetan,259
Prof Mahesh Halale,260
Ajay Raina,261
Tad Malik,262
Venkata Akashdeep Vinnakota,263
Animesh Paul ,264
Deepak Pathak ,265
Baba Hanan,266
Shaz Baloch ,267
Arth Josh,268
Gaurav Kashyap ,269
4551978,270
12741032,271
35023143,272
Antariksh Parichha,273
Minhaj Masoodi,274
Zubin Mahernosh Darbari,275
Sabeen Umar,276
Ramaswamy Subramanian ,277
Mudassir Ahmed ,278
42464570,279
Jasvinder Singh Choudhary,280
Gagandeep Shukla,281
Sakshi Chaudhary ,282
Fahad Shahid ,283
Pulkit Chaurasia ,284
Piyush Jain ,285
41873515,286
Shraddha Mishra ,287
Meghna Purohit ,288
Aryan Srivastava ,289
Sanjay Roy,290
Tousief Irshad Ahmed Sirwal,291
Appu Pandey ,292
Ikram Khan ,293
Nithin Devoor,294
Abhijeet Mandal ,295
Manojkumar H Desai,296
Gopala Dhar,297
22183132,298
23570558,299
Vidhu Neelam,300
Shashank Mishra ,301
Mohit Singh ,302
Shekhar Gowardhan,303
Arvinth ,304
Jamal Abdul Nasir,305
Pushpinder Singh ,306
Rachit Gupta ,307
Ankit Singh ,308
Tarun Verma ,309
Uday Singh ,310
Rahul Dev Balagopal,311
Honey Singh ,312
Muda Tariq,313
Sankalp Sharma ,314
Kiran Manohar ,315
Vinay Kant Singh,316
Bob Gustavsson,317
Vipul Khajuria ,318
Atul Kumar ,319
3108331,320
Tehnan,321
Ansh Choudhari,322
Vikas Gupta ,323
Sahil Pandita ,324
Bipin Pandey ,325
Aameer Shaikh,326
Anakh Taak,327
Owais Ahmed Khan ,328
Andrea Khan ,329
40354952,330
Sethu Ramalingam ,331
Utkarsh Parashar ,332
Mohini Bhatnagar,333
Manjit Kour ,334
22332036,335
28691406,336
30147532,337
Nitesh Singh Em,338
Aaqib Javid ,339
Jamshed Mir,340
Raghav Lall,341
11655068,342
Arsalan Ali ,343
Jaggiramesh,344
Prasad Joshi ,345
Prakash Jha ,346
28347567,347
Arun Sharma ,348
Janhavi ,349
32908160,350
Akshay Jain ,351
Nitin Jadhav ,352
Ashish Singh ,353
Manikandan T ,354
Diwakar Acharya,355
17368007,356
Venkatraman Sivasankaran,357
Rohit Mishra ,358
11551887,359
Ankit Shrivastava ,360
Apurv Khajuria,361
Harish R Prajapati ,362
Bharat Asani,363
Sharath Kumar Japala,364
41907063,365
Praveen Yadav ,366
11912768,367
Gokul Kumar ,368
Vikas Pharswan,369
Ravi Aguva,370
Sindhu Bharathi ,371
M Das ,372
Prabhat Turlapati,373
Chaitanya Gupta ,374
Saurav Das ,375
Gaudham Pragadesh,376
Vivek Ravindranath,377
K Gopinath,378
Puroo Kumar Roy,379
Yogesh M Iggalore,380
16179327,381
Krishna Singh ,382
Zahoor Badini,383
Chandravadan Trivedi,384
Ryan J Farrick,385
Sameer Sharma ,386
Deya Roy,387
Ashish Kumar ,388
Rajesh Mohanty ,389
Mahendra Pratap Singh ,390
Shreya Kanade,391
Ramakrishnan Cm,392
Zohaib Khan ,393
42682360,394
Rocky Khanna,395
Raj Singh ,396
Kishor Shah,397
Ubaid Nazir,398
Shally A Dhar,399
Rahul Zad ,400
Vivek Kumar Srivastava ,401
6934820,402
17238227,403
Luvmeet Singh,404
Mayank Rai ,405
Alok Asthana,406
36360313,407
Tahleel Ahmad,408
Shaurya Mishra ,409
27364378,410
Sahil Rohmehtra ,411
41942519,412
Burhan Khan ,413
James Mascarenhas,414
Diksha Raina ,415
Shailesh Kaul,416
Manish Thakur ,417
Gautam Sibal,418
Shardul Juyal,419
Eyenain Showkat,420
Mohammad Zamin,421
Uddipta Ghosh,422
Fahad Bhat ,423
Ravi Pratap ,424
Mihir Chaudhari,425
Jyothi Vallapaneni,426
Anshuman Bhardwaj ,427
Pulakit Singh,428
Bilal Javed,429
Naivedya Mishra,430
Puneet Mishra ,431
Sujit Singh ,432
Imankalyan Maity,433
Anusri Tripathi,434
Ahsan Shiekh,435
Pradip Gangopadhyay,436
Shivam Gupta ,437
Shaan Muneeb,438
Khurram Ali ,439
G Bhat,440
Gopal Rai ,441
Kartike Kampassi,442
Vishnu Theja Reddy,443
Jairam R Prabhu,444
Praveenkumar ,445
Muazzam Nasir ,446
Kaiten Thakur,447
Manish Chaurasia ,448
Satyam Rai,449
Naman Chakraborty ,450
Junaid Jan ,451
Deepak Bakshi ,452
Ranjeet Rain,453
39231110,454
Syed Mohtasim,455
Faisal H Bhat,456
Aseem Kumar ,457
41055452,458
Farhan Imaan Abro,459
11488583,460
Suhail Mohammad,461
Animesh Mohan,462
Prateek Kumar ,463
Siva Kumar ,464
Nihal Mohammed ,465
Neil Mezi,466
Sandeep Sapru,467
Arafat Basheer,468
Sai Kumar Rao,469
Sandeep Nagraj ,470
Rj Saras Nitish,471
Omkar Nath Nandi,472
32448441,473
Dhruv Kotwal,474
Rahul Gupta ,475
Sandeep Singh ,476
Mahaprasad Nanda,477
Kailash Kumar ,478
Gitanjali Dagar,479
Ragnar Lothbrok ,480
21937579,481
Tejinder Singh ,482
Aditya Patil ,483
Ahmed ,484
Vikramaditya Singh ,485
Palak Desai ,486
Atif Khan ,487
Rameez ,488
8245658,489
Ravneet Singh Raina ,490
42437623,491
Arslan Qadri,492
Samvit Kher,493
Sourin Paturi,494
5286161,495
Bipin Chaudhary ,496
S manivarma S manivarma,497
Sumit Nagpal,498
11158147,499
Class Rebel Lanka,500
Hari Govind ,501
Abdul Rehman ,502
Ziad Khan ,503
Syed Junaid Aadil,504
Vimlesh Dwivedi,505
Shubham Choubey ,506
Hirra Sultan,507
Ravi Malhotra ,508
Karan Menon ,509
Hari Pada Roychoudhury,510
Sharika Amin,511
Divyanshu Rai ,512
21702500,513
Manish Chowdhary ,514
Narinder Dogra ,515
Tushar Mahajan ,516
Aloak Menon,517
Mehrab,518
Bhagwat Shah,519
Achal Gautam ,520
Dipprakash Singh,521
Vilas Kaul,522
Ashutosh Sharma ,523
Rahul Sambyal,524
Akhil Saxena ,525
28550397,526
Pbhuvanesh Arasu,527
Gurudutt Mallapur,528
Jayesh Bhatia ,529
Srajan Kulshrestha ,530
Chander Kanta Gariyali,531
Satbir Singh Rajpal ,532
Kuldeep Singh Lamba,533
Aditya Goyal ,534
Mohinder pal Singh Jolly,535
Abir Chawla,536
Roxanne Paul ,537
Sagar Jha ,538
25530222,539
21406538,540
Ulaganath Muthu,541
Atul Burnwal,542
25165647,543
DHEERAJ KUMAR ,544
Ranga Prasad ,545
Prateek Saxena ,546
Gautham Manoharan ,547
Asif ,548
Anirudh Tamret,549
Patanjali Slpsk,550
Yasmin Ali ,551
1533105,552
Vibhuti Pajnoo,553
25142553,554
Shubham Thakur ,555
Arnav Vaid,556
21070025,557
Chetan Rattan,558
Shobhan Dutta,559
Himanish Ganjoo,560
Waqar Ahmad ,561
Mohammed Aamer ,562
Vivek Reddy ,563
Anayat Bhat,564
Harsh Srivastava ,565
27974903,566
Rajiv Gusain ,567
Jnanendra Kishore,568
Giri Dv,569
Sonali Manhas,570
Sumit Malik,571
Darshan Nayak ,572
Vishnu Karthik ,573
Shubhojoy Mitra,574
Ashok Kumar ,575
Adnan Khalid ,576
?share=c&srid=RxUs,577
Rajaguru Ganesan,578
Gwydion Madawc Williams,579
15856004,580
Suhrud Bilolikar,581
Usman Mubashir,582
Vijay Kumar Sood,583
Sant Prakash,584
39156206,585
Ram Ramamurthy ,586
Asha Lalitkumar,587
Varun Kumar Singh,588
Kamesh Yalamarthy,589
Rakesh Iyer,590
Apurba Kundu,591
Amanpreet Singh ,592
Omkar Vaidya ,593
Hada Balveer,594
Vishal Kumar Singh ,595
Sourabh Prajapat,596
Aditya Verman,597
Harsh Saha,598
Nabeel Nisar,599
40988790,600
Mrinal Singh ,601
Lone Izhar,602
Abishake Koul,603
Tehseen Aziz,604
Dujaize Duja,605
Farhan Ashraf ,606
Arvind Thappa,607
Devashree Tulankar,608
Adam Hussain ,609
Sree Kalyan Gampa,610
Pradeep Yadav ,611
Gowri Sankar Kota,612
20065460,613
Ritwik Mehta,614
Naval Malpani,615
Dave Mathews ,616
Aditya Singh Samyal,617
Hyder Khan ,618
Kommalapati Sandeep,619
2722802,620
Rakshith S Ponnathpur ರಕ್ಷಿತ್,621
Adam Singh ,622
Shambhu Kumar ,623
Akshath Dharmadheeran,624
27982132,625
Sushil Singh ,626
Yuvraj Bhosale ,627
Ashish Rana,628
Devendra Joshi ,629
Yasir Amin,630
Shivam Mishra ,631
Mudit Garg ,632
Unmesh ,633
Syed Fawad Hussain ,634
Manu Bhatnagar ,635
Sanjay Ghai ,636
Shalesh Jain,637
21654179,638
Subhendu Nath ,639
25642058,640
Sameer Katti,641
Avinash Kumar Sharma ,642
Bindhu Madhavan ,643
18315241,644
18241279,645
Meet Nawale,646
Siddhant ,647
Shavan Bhattacharjee ,648
Aayush Kaul ,649
31012066,650
Payam Masood,651
Heta Bhatt,652
Manan Khan ,653
Bhushan Thawani,654
Mihir Wadekar ,655
ABHISHEK BHARDWAJ ,656
Sahil Chatta,657
Arnab Kumar Chatterjee ,658
Vijay Simha ,659
18236894,660
Khawaja Itrat,661
Azhar Din,662
26719075,663
Ciril J Thundiyil,664
Aditya Kaul ,665
Salman Mughal ,666
Raashid Mahmood,667
Uswaq GP,668
Mudasir Yusuff Malik,669
Rajin R Nair,670
18236885,671
Sabaun Khan Suratzada,672
Kaveesh Kanwal ,673
Alieazy Chaudry Alyee,674
Perry Pennington,675
26913512,676
Rajdev S Jasrotia,677
Rohit Vadehra,678
Keerthi Priya Avala,679
Ankit Srivastava ,680
Aashray Anand ,681
Prashant Menon ,682
Skalzang Dawa,683
Rajeev Bhatnagar ,684
40220160,685
Chandramani Swain,686
30018561,687
Abul Hassan ,688
Khushveer Singh ,689
Gaurav Ghildiyal,690
Vinod Kumar Pandey,691
Abhishek Jha ,692
Neeraj Singh ,693
28949780,694
Phoolchand Jangir,695
Ashok Sharma ,696
Bala Senthil Kumar,697
Devashish Rana ,698
Ty Non ,699
Roshan Parameswaran,700
Anik Hassan ,701
Tushar ,702
Shubham Kaushik ,703
Sangeen Khan ,704
Aditya Pideparthi,705
Syed Rizwan ,706
Kaipulla Vvsangam,707
Neena Sharma ,708
Godfrey Prince ,709
Arjun ,710
38778355,711
Vivek Dantkale,712
Aijaz Bhatt,713
Apaar Tyagi,714
Haque Ishfaq,715
Praveen Girish,716
Rohit Vaidya ,717
Sujith Dan Mammen,718
Kaustubh Singh ,719
Kuldip Suri,720
Abhijat Shrivastava,721
Shubham Nand,722
Ashutosh Kumar ,723
Subhayan Purkayastha,724
Akshat Prakash ,725
Swaroop Krishnan S ,726
Atul Kumar Dwivedi ,727
Pawandeep Kanyal,728
Abhinav Bharmoria ,729
Veerappan Laxman,730
Siddhant Pengoriya,731
Rahul Kumar ,732
Muhammad Hamza ,733
Palanichamy P,734
Sheetal Bhat,735
29705652,736
Mangal Bhasin ,737
Progyadeep Moulik,738
Sandeep Verma ,739
Serge Aurora,740
Hari Kiran ,741
Sajid Ullah Baig,742
Nathan Diehl ,743
Kottoor Sukumarapillai Padmakumar,744
Manoj Kumar ,745
Eshank Bahuguna,746
Pravanjan Gochhayat,747
Rupesh Shetty ,748
Neeru Bahl ,749
Satvik Srivastava ,750
Varun Kapoor ,751
Vipin Sharma ,752
Thomas Akinas,753
30161586,754
28680923,755
Karthi Karthick ,756
Chitra Gopalaswamy,757
Harshit Pandey ,758
Ved Chutani,759
Anubhav Bansal ,760
Atul Anand ,761
Sohan Konar ,762
Kanhaiya Sharma ,763
Akhilesh Dixit ,764
Amees Mushtaq,765
Ashutosh ,766
16368775,767
Sanket Sharan,768
Lone Farooq,769
16482325,770
Aadarsh Korol,771
16411294,772
Inaiya Armeen,773
Ajay Kumar ,774
28710099,775
Ashish Mishra ,776
Vinay Patidar ,777
Shantanu Mukherjee ,778
Gaurav Sharma ,779
Aditya ,780
28711572,781
Azad ,782
Alok Goel ,783
Ishubht,784
Shubham Mishra ,785
Sanya Bhatt ,786
Chetan Shet ,787
28571880,788
25246741,789
Mahesh Reddy ,790
Shantanu Bagchi ,791
Shriram Bhandari,792
Prashant Jha ,793
Imtiyaz Wani ,794
Prince Thomas ,795
Sauradeep Chakraborty ,796
Saumya Shikhar,797
Dahale SS,798
Rajeev Singh Mehta,799
Kevin ,800
Ankit Sikchi,801
Sagar Chaturvedi ,802
Akash Ajay,803
28125278,804
40571711,805
Biren Dedhia,806
Pratyush Prakash ,807
Karan Gurbani ,808
Ankit Shah ,809
Arun Aiyer,810
Shah Saaib,811
Vishal Kumar ,812
Jiggs Chasmawala,813
Jayant Darade,814
Nasraf Serzanli,815
Mani Malik ,816
Trinad Arle,817
Srikrishna Chaitanya ,818
Bhanu Gilla,819
Bhanu Sree Lohia,820
Ansh Tulsyan,821
Sulav Karki ,822
Rishi Kakkad,823
Pulkit Kumar Chauhan,824
Shankar Sardar ,825
Sourav Mukherjee ,826
Kush Kahn,827
Sudhanshu Singh ,828
Sudarshan Mandlik ,829
Khawaja Najim,830
12566729,831
36482192,832
Aman Goyal ,833
Chintan Vyas,834
Rohit Sharma ,835
Manvendra Singh ,836
41187905,837
Sharad ,838
Krishna Raghavendra ,839
Pratik Gupte,840
Nishant Jha ,841
Jon Snow ,842
15826265,843
Sunand Choubey,844
Rahul Singh ,845
28182844,846
Rajput Vikram Pratap,847
17604160,848
Kesavan Ramkumar,849
Sonti Panduranga Rao,850
Shubhashish Rehal,851
10028087,852
Shahal Bashir ,853
Raj Karki ,854
Vedansh Gupta ,855
17602327,856
Tasaduq,857
Aamod Gokhale ,858
Venkat Naveen ,859
39974246,860
James Varkey ,861
Manu Varghese ,862
Arun Mrid Chauhan,863
Arya Vishe,864
Mayuri D ,865
Aakash Srivastava ,866
4831432,867
Saji Ganesh,868
Indroop Makkar,869
Dheeraj Singh ,870
Neeraj Kumar ,871
Sagar ,872
Amit Sharma ,873
Tatwam Shrivastava,874
Tejas Sharma ,875
39476105,876
Vinayak Tiwari ,877
Bakul Haria,878
Ayush Sethi ,879
12983152,880
Ryan Subbu,881
ĸʜawajʌ Irsʜaɗ Jɘeɭʌnɩ,882
Pankaj Shrivastava ,883
Abhishek Srivastava ,884
Sivanesan Vadivel,885
Aradhana Mishra ,886
Jyoti Karthik,887
Pankaj Khattar ,888
Musharib Baig,889
Harsh Oza ,890
33042028,891
K vamshee Krishna,892
Amit P Singh ,893
12505387,894
Mohamed Sufyan ,895
15729109,896
Ankoor Patil,897
Jasmeena Tariq,898
41064391,899
Hari Tsv,900
Illuminatus ,901
Rishab Mehra ,902
Abhishek Mishra ,903
35563105,904
G S Prasad,905
Bhanu Narayan ,906
Rajat Bawgi,907
21813564,908
A Venkat Naveen,909
Hitesh Mohan,910
Raunaq Gupta ,911
Shivakar Sharma,912
Chakresh Singh,913
Hemanth Kumar ,914
Indrajeet Kamat,915
26783159,916
27166229,917
23495360,918
Sonam Rajput ,919
Vimal Joseph ,920
Aditya Zutshi ,921
Shishir Kaul ,922
11475830,923
Gauri Bansal ,924
Saeed Rehman,925
Reeva Wane,926
Orlando Barrios,927
Inderpreet Kaur ,928
Faizan Shafi ,929
Jaineel Nandu,930
Sumeet Kr Sinha,931
Divyavasu Sharma,932
Apekshit Moudgil,933
Stephen Purcell ,934
33759645,935
Manik Pandita,936
Hasib Mulani,937
Anirudha Brid,938
Johannes Musch,939
Amit Poonia ,940
Hearamba Sharma,941
Ripunjay Tripathi,942
28176017,943
Suffi Umar Cashur,944
Sathiyaseelan Rengaraju,945
Abhijay Kulkarni ,946
Momin Nazir,947
Bagdoo Limaye,948
Yash Lavangwala,949
Masroor Ahmad Mattu ,950
9136140,951
15140164,952
10878619,953
Bahtiyar Dautov,954
Amit K Namdeo,955
Vibha Modi ,956
Jibin Mathews ,957
Himanshu Agarwal ,958
14975806,959
Praveen Kumar Nagre,960
15648367,961
Kalidas C,962
Nandha Kumar ,963
Pulakit Bharti,964
Vishnu Sekhar ,965
Aatir Hussain ,966
28702296,967
Suraj Singh ,968
18917463,969
Rohit King C,970
Vrinda Wakhlu,971
Ajay Bhat ,972
Hanan Trumboo,973
Sagar Satpute ,974
Avishek Panthri,975
Kaushal Sinha ,976
Shashank Rawat ,977
Yogesh Sharma ,978
Abi Ramachandran,979
Suhaib Khan ,980
41690293,981
Gourav Zutshi,982
29340238,983
Sandip Badad,984
Amitesh Raj,985
Girish Rangaswamy,986
Aparanta Saha,987
18989810,988
Rohit Diesh,989
D Prasad ,990
Gagan Gupta ,991
25479033,992
Bharti ,993
Prabhakar Singh ,994
Ayush Singh Suryavanshi,995
Anaan,996
Vatsal ,997
Ryan Xigmapro Anderson,998
Saurabh Kumar Singh ,999
Rahul Luther,1000
Ram Ohri,1001
Ef Te,1002
Siddhant Arya,1003
Vaibhav Chaudhary ,1004
Prashanth Sagi,1005
Nitish Dhawan ,1006
Kapil Deshmukh ,1007
Shahzad Firdous,1008
TR Vejayanantham,1009
Sandeep Motwani ,1010
Mir Faizan ,1011
Ayush Kaushik ,1012
Avinash Sinha ,1013
41409389,1014
Saurabh Shukla ,1015
Vincent Van Ross,1016
Sourabh Pal ,1017
Sourabh Singh ,1018
Ehtisham Qalander,1019
Aaryan Singh ,1020
Sanjeev Bishnoi,1021
21118765,1022
RaHul Singh ,1023
Shivani Patni,1024
Ranaditya Singh Shekhawat,1025
Rahul Bhatt ,1026
25252668,1027
Pradosh Patnaik ,1028
Niraj Kumar ,1029
12594422,1030
SAYAK BISWAS ,1031
Rakesh Gandhi Dr,1032
Karan Res,1033
Anirudh Rao ,1034
13976285,1035
Mark Lovett,1036
Rishabh Kashyap ,1037
Arun Raina ,1038
Gaurav M ,1039
Lone Moein,1040
Mohammad Abdul Saddam,1041
N Shehryar A Khan,1042
Aayush Sikhwal ,1043
Abhimanyu Sethia,1044
SIDDHARTH SINHA ,1045
Kartik Kathuria ,1046
Mohsin Shafiq ,1047
Nikhil Anand ,1048
Rahul Can,1049
19312410,1050
5204208,1051
25272451,1052
Piyaray Lal Pandita,1053
Saurabh Mehta ,1054
Abhinav Sharma ,1055
Bipin Kumar ,1056
7534714,1057
Rubika Mir,1058
Abhishek Somani ,1059
13820993,1060
30376495,1061
Shivam Tiwari ,1062
Chris Maurice ,1063
26822304,1064
Sachin Sonawane ,1065
Shashank Kamath ,1066
Avishek Shah ,1067
Devendra Pratap Singh ,1068
Rajeev Biswal,1069
Uday ,1070
Gaurav Cric,1071
Chandan Bhat ,1072
Vineet Kumar ,1073
Frances Chua ,1074
Charan Puneet Singh,1075
Abrar Al Hameed,1076
Rohit Vashishtha,1077
Gyan T ,1078
Suraj ,1079
Akash Khandelwal ,1080
35291458,1081
Amitoj Singh ,1082
Kishan Tiwari ,1083
Ramanan Rv ,1084
Prateek Raj Tripathi,1085
Abhishek Rathore ,1086
Manasvin Andra,1087
21663891,1088
Agasthiyan Chellappan,1089
Ashmit Kaur Gill,1090
Akash Patel ,1091
22093014,1092
21663400,1093
Tejas Nitin Chikani,1094
Shaji Pp ,1095
Abhishek Shrama,1096
Shobha Rao ,1097
Nisarg Jani ,1098
Rishav Bharadwaj,1099
Rakesh Sheokand ,1100
Navdeep Singh Bedi,1101
21975788,1102
Ankur Handique,1103
Vijay ବିଜୟ,1104
Akhil Valluri,1105
Sai Vamsi Ryali,1106
Arvind Kamath ,1107
Muhammad Farooq ,1108
Mrutyunjay Joshi,1109
Prasad Gopinath,1110
Simran Mishra ,1111
Swaroop Shankar,1112
Prashant Kannaujiya ,1113
Vigyan Koirala,1114
Rakesh Garhwal ,1115
Sev Uppal,1116
Snehal Biswas,1117
Jay Desai ,1118
Sunil Sharma ,1119
Pravin ,1120
Suresh Singh ,1121
Vinodini Vadavamana Krishnan,1122
Nilesh Darawade,1123
21971162,1124
Mumtaz Shah ,1125
Rachit Sharma ,1126
Dyson D Souza,1127
Laxmaneshwar Pratap Singh Chauhan,1128
Pranoy Ghosh ,1129
Rohan Malandkar,1130
Dhruv Girdhar ,1131
Alesh Vardhan,1132
Jyotsna Surendran ,1133
41554739,1134
Narayanan Unni,1135
15420919,1136
Parth Sharma ,1137
Nalin Chinchalwar,1138
Krishna Phani Kumar,1139
Virendra Kumar Sharma,1140
Rushin M Patel,1141
Bharath B Malaivaiyavur,1142
Sudhir Kumar ,1143
42071065,1144
Anuj Singhal ,1145
Musaib Wani,1146
Sathyanarayanan Chakravarthy ,1147
Bhasker Misra,1148
Sagnik Chakraborty ,1149
Dida Da ,1150
Amit Kulkarni ,1151
Sushil Kimni,1152
Maulik Barot ,1153
G Jayasankar Pillai,1154
Karan Gajare ,1155
25241345,1156
Abhishek Singhania ,1157
Ashish Mohanty,1158
Abhilash Tikoo,1159
Vivek Pareek ,1160
Vijay Bhat ,1161
Shone Satheesh,1162
Ayush Khazanchi,1163
15421855,1164
Manohar AM,1165
Aditya Dogra,1166
Jay Maan ,1167
Durga Upadhyaya,1168
Sugeet Sunder,1169
Tushar Sharma ,1170
Aman Rai ,1171
Sarthak Bhatia ,1172
Sameer Haldavanekar,1173
31229692,1174
Vineet Menon ,1175
Anshul Maheshwari ,1176
Sandeep Bansal ,1177
Anand Kumar ,1178
Surekhaa I R Volga,1179
Sandeep Dhawan ,1180
Zeeshan Patel ,1181
Mir Faizan Anwar,1182
SANDHYA ANBARASAN,1183
Dattatraya B Shinde,1184
Nikhil Jalali,1185
Aditya Pradeep,1186
Anup Gupta ,1187
26071009,1188
14876557,1189
Ankit Tripathy ,1190
Arunanjali Singh,1191
Ritesh Bansal ,1192
Praveen Sharma ,1193
Sathiya Cm,1194
Dhruv Apte ,1195
Reshma Miriam ,1196
Omkar Vinherkar ,1197
Manas Teja Katakam,1198
26074530,1199
Raushan Kumar ,1200
Bharath Kaashyap,1201
26614899,1202
Soumya Mukherjee ,1203
Rohit V Meshram,1204
Thampi Raj Sujan,1205
Sakthi Prasanna ,1206
Rajya Lakshmi Kolluru,1207
Mohamed Ibrahim ,1208
Mohit Gandhi ,1209
Shrey Kumar ,1210
Himanshu Madakasira,1211
Zain ul Abidin bin Riaz,1212
40366673,1213
Chirag Joshi ,1214
Kundan Yadav ,1215
33228089,1216
27650464,1217
41068389,1218
Saurabh Khadke,1219
Neil Biswas ,1220
Gunjan Sharma ,1221
Shashwat Gandhi ,1222
Santhosh Balaji ,1223
Suresh Poddar ,1224
40379254,1225
Shashank Gollapalli,1226
M F Shafi,1227
Kabeer Aijaz Khan,1228
Bhaskar Majumdar ,1229
Sakshi Fotedar ,1230
Lakshay Dulani,1231
Krunal Jani ,1232
John Elwin,1233
Avinash Mahajan ,1234
ASHISH MISHRA ,1235
30380049,1236
11493660,1237
Bharath Bhat ,1238
Izhan Khan ,1239
Nishank Mishra ,1240
Boni Aditya ,1241
Ahsan Ali ,1242
Basant Kumar ,1243
Vishu Mahabaleshwar,1244
Chirag Jain ,1245
Achintya Vashist,1246
26860936,1247
24416198,1248
Shashank Sharma ,1249
36763252,1250
Varun Sharma ,1251
Harsh Mehta ,1252
Shashi Hegde ,1253
Raghav Indian,1254
29339987,1255
Vaibhav Maini ,1256
Akshaansh Dwivedi,1257
Talha Al Ibn Hashish,1258
11562789,1259
Samriddha Aryal ,1260
Abhishek Iyer ,1261
M Shaib,1262
7080416,1263
Adil Mir ,1264
Ganesh Watve,1265
Manmeet B Nag,1266
Sameer Sinha ,1267
Abhijith Anil ,1268
Karthikeyan S ,1269
Akhil Sharma ,1270
Dixit Jain ,1271
Abdullah Sheikh ,1272
40611572,1273
17404583,1274
Hassan Tariq ,1275
Ridhi Shikha,1276
Murali Kurapati,1277
Shreya Sinha ,1278
Neil Razdan,1279
Raj Shekhar Singh ,1280
Sunny Adak ,1281
Ansh Makhija,1282
Vivek Sathoo,1283
Roshan Jha ,1284
17404519,1285
Saurabh Gupta ,1286
Anindya Das ,1287
25473425,1288
Milind Bengeri,1289
16359353,1290
29698005,1291
Vishal Sharma ,1292
Gaurav Deshmukh ,1293
Sharad Alagi,1294
Vishwa Ratan,1295
Atul Sharma ,1296
Mayank Garg ,1297
Jaishree Chouhan,1298
Rohan Lakhlani ,1299
Kushal Kulshreshtha,1300
Rk Mayhur,1301
Vikas Lohia ,1302
Piyush Chavan ,1303
42475002,1304
16138501,1305
14050879,1306
29340186,1307
Aadil ,1308
Pulkit Mishra ,1309
Amey Sharangpani,1310
Shehryar Khan ,1311
Kaustav Mukherjee ,1312
Tayyub Ibrahim,1313
ImAyush ImAyush,1314
41381694,1315
16138122,1316
Anupam Panigrahi ,1317
Vishwas Deshpande ,1318
Sanjit Kumar ,1319
17056249,1320
Sheraz Lodhi,1321
Sanmoy Chakraborty,1322
Viraj Kamboj,1323
Jazib Babar,1324
Hanish S Jain,1325
Santosh S Kerimath,1326
Karpurapupoojitha,1327
Chaudhary Alha Singh,1328
24940911,1329
Shomeli Dey,1330
Zafar Kazmi,1331
Roshan Kumar ,1332
Khongkhung Pura,1333
Ankit Ratan,1334
Ayaan Gupta ,1335
Ongfa Wakhet,1336
T Ahmed ,1337
Chandirasekaran Kasiraman,1338
Satinder Shergill ,1339
4447937,1340
Ismaa Zahid,1341
Ram Singh ,1342
21731457,1343
Ayyappadass H,1344
Ibni Ahmed,1345
Sanjeev Newar,1346
Vikram Karve,1347
Mehul Kamdar ,1348
Imranullah Khan Suri,1349
Manthan Vijay Shah,1350
22162292,1351
Amir Qureshi,1352
Siddharth Rajoli,1353
Reshub Peer,1354
4449031,1355
Annsh Bhandari,1356
Pramod Gokhale,1357
Saahill Lhr,1358
Faraz Yusuf Khan,1359
Dee Rayolia,1360
Akhil ,1361
Aashish Jain ,1362
Uraj Singh यूराज सिंग,1363
Aravind Nair ,1364
Tathagata Sar,1365
Sulaiman Khan ,1366
Srikrishna Pandey,1367
Harsha Lakshmi Prasad,1368
Simar Kaur ,1369
42172236,1370
8303120,1371
Nishant Kumar ,1372
Amit Yadav ,1373
Sathish S ,1374
Varun Saxena ,1375
Sathiya Seelan,1376
21583334,1377
Pankaj Chauhan,1378
Avinash Tripathi ,1379
17100054,1380
Asad Rahman ,1381
Aviraj Diwan,1382
Hitesh Kapila,1383
NoorJahan Khan ,1384
Syed Anwar ,1385
Ravi Shankar ,1386
25217167,1387
Tristan Fernandes,1388
Josue Diaz ,1389
Anirudh Pillai ,1390
Ashish Gupta ,1391
Ankit Pathak ,1392
Ravindra Rai ,1393
Ashish Sharma ,1394
Sarang Kashikar,1395
Chirag Chopra,1396
Chirag Rawal,1397
Prateek Karandikar,1398
23163462,1399
Arslan Gul,1400
Bhaskar Gaur,1401
Abhirup Sengupta ,1402
Akshay Chaturvedi ,1403
Ronak Chheda ,1404
Suvigya Gupta ,1405
Aditya Pandya ,1406
Alokendra Nath Mitra,1407
M R Wani,1408
Rahul Sankrityayan ,1409
25195463,1410
Yash Karavat,1411
Omar Bashir ,1412
Dnyaneshwar Shejul ,1413
Moazam Iqbal ,1414
Nidhi Saxena ,1415
Aniket Agrawal ,1416
19311312,1417
Shubhkaran Bohemia,1418
Rana Shally,1419
Devendra Govil,1420
Armaan Chettri,1421
Adnaan Yousuf,1422
Simran Dhar,1423
Hemendr Sharma,1424
35775477,1425
Partha Kansabanik,1426
Neel Kumar,1427
Yasir Farooq ,1428
Dan ,1429
Janani S ,1430
Aditya Das Choudhury,1431
Kaushal Dubey,1432
Kevin Kunjumon,1433
Devkant Sharma ,1434
Anil Kumar Bathula ,1435
Someindra Singh,1436
Eshant Singh,1437
24859162,1438
Gourish Bakshi,1439
Ramnik Dhar,1440
Sunny SARVAGYA,1441
Amit Gupta ,1442
Siddharth Omar Joshi,1443
36195518,1444
Shanu Pratap ,1445
Mks ,1446
Vaibhav Jain ,1447
Farooq Rather,1448
Akshat Koul,1449
37500906,1450
Ranjeet Singh ,1451
25028775,1452
Shrenik Kumar,1453
Harshit Malhotra ,1454
Bashee Khan,1455
Viswanathan Subra,1456
11470090,1457
33629749,1458
Shyam Namboothiry M M,1459
25222361,1460
Dharamveer Dheer,1461
15546241,1462
Ismail Ibnu Aadam,1463
13922397,1464
Naveen Datti,1465
Aisha Ali ,1466
Ravi Krishnamurthy ,1467
Abhay Thaikkoottam,1468
Shoaib ali Khan ,1469
Prabir Ray ,1470
Braj Bihari Prasad,1471
Kshitija Khade ,1472
Karan Joshi ,1473
Varun Pendse,1474
Shrey Mahajan ,1475
26414479,1476
Swethlana Saraswat,1477
39190216,1478
Sree C Kalyan,1479
Keshav raj Jha,1480
Faisal Khan ,1481
Uditya Tyagi,1482
Mayur Joshi ,1483
12254616,1484
Jonathan Todd ,1485
Mohammed Kalam ,1486
Sachin Yelane,1487
Manpreet Singh ,1488
Janardhanan Narayanan ,1489
16936466,1490
26809776,1491
16274836,1492
14291863,1493
Devesh Mishra ,1494
Jack Olaf Rai II,1495
Ritesh Kakade,1496
Sahil Choudhary ,1497
Manu Madhavan,1498
Ayushi Mona,1499
Abhishek Chaudhary ,1500
Clarence Carvalho,1501
14497835,1502
Vishnu Poddar ,1503
Ankita Kanse,1504
Narayan Kumar ,1505
24464638,1506
Ashish Pateria,1507
Ravi Jaikumar,1508
Anshuman Singh ,1509
Sandeep Mahankud,1510
Balaji Viswanathan ,1511
Rajat Sharma ,1512
Marru Yashwanth,1513
Ayesha Khan ,1514
35634487,1515
24483229,1516
Sharad Mudgal ,1517
Harish Bhutra ,1518
Aditya Bhavaraju,1519
Azhar Wani ,1520
Sam Cero,1521
Pragati Kulshrestha ,1522
Anshul Jain ,1523
15240102,1524
Aravind Bachu,1525
Pankaj Pandey ,1526
Akshay Gunjal ,1527
Vijay Sankar ,1528
Rohit Nigam ,1529
Riya Jos,1530
Nihar Bhat,1531
Chirag Khajanchi,1532
Mayank Pandey ,1533
Dr Santosh Mane,1534
Himanshu Upadhyay ,1535
Aamir Rizwan ,1536
15349762,1537
Harish Raman ,1538
Harshita Singh ,1539
Harshil Anand ,1540
Devang Singh ,1541
Raghav Dev Mishra,1542
Madhavan Rajagopal,1543
Kirk Anderson ,1544
Sucharitha Venugopal,1545
Aahit Gaba,1546
Abhishek Saxena ,1547
31016056,1548
Nirav Savla ,1549
Harshita Tripathi ,1550
Vishu Gadodia,1551
Julliet Bravo,1552
Parag Gujarathi,1553
Akshay Tripathi ,1554
21827645,1555
Akshay Malik ,1556
Prasad Patil ,1557
Vijay Rawat ,1558
Zohaib Hassan ,1559
Vivek Gupta ,1560
Shashank Krishnan ,1561
Nayeema Ahmad,1562
Manoj VB,1563
Lovelesh Sharma,1564
10897497,1565
M Avinash ,1566
Vikas Mishra ,1567
Manish Mishra ,1568
Sooraj Swain,1569
Mansi Mane Mittal,1570
14761652,1571
Pervesh Maheshwari,1572
Sanket Khanna ,1573
Tushar Chandra ,1574
Thakur Anurag Anand,1575
Barnabas Allen,1576
Aditya Gupta ,1577
Yash Mor ,1578
26959748,1579
Fayaz Ahmad ,1580
Abhi Srivastava ,1581
Mohana Krishnan R,1582
Praful Yadav ,1583
Steve Jacobs ,1584
Iniyavel ,1585
Kushal Sarda ,1586
Mruthyunjaya RM,1587
Nurul Quamar Khan ,1588
Omkar Methavade,1589
Vyk Ryder,1590
Prakash ,1591
Gourav Kumar ,1592
22777094,1593
Prashanth Gopalan ,1594
10555550,1595
Ambuj Namdeo,1596
Prayag Soni,1597
34508843,1598
28541544,1599
Kawalpreet Juneja,1600
28916911,1601
Naresh Geddada,1602
Syed Usama Ahmed,1603
Himanshu Gupta ,1604
26404944,1605
11422682,1606
Yasir Mehmood ,1607
Deborishi Ganguly,1608
Jayendran Gourishankar,1609
Ashutosh Shirsath,1610
Fahad M Rafiq,1611
Varun Bhat ,1612
37268622,1613
15948164,1614
Manasa Savnur,1615
Shankar Chaturvedi Dwivedi Shukla,1616
Loksudan Baidya,1617
Nilesh Agnihotri,1618
14729607,1619
Share Khanna,1620
Pranabes Chakraborti,1621
Rohit Jha ,1622
Aiman Saad Baig,1623
Ajay Verma ,1624
35296108,1625
19847496,1626
Gautam Agarwal ,1627
27073668,1628
Lokesh Kumar Reddy ,1629
Alfred Borden ,1630
14729214,1631
37313639,1632
Vishal Gogia,1633
Surya Samudram,1634
Raj Thakur ,1635
26334585,1636
Simon Datta,1637
Yash Vardhan ,1638
Gagandeep Singh ,1639
Saqib Wani,1640
22227709,1641
Deekhit Bhattacharya,1642
Indu Bhushan Abrol,1643
Vijay Kumar ,1644
Vipul Nargotra,1645
Vikas Badhoria,1646
Deepakshi Jolly,1647
1759293,1648
Mir Misbah,1649
Harold Scannell ,1650
Neeraj Khandelwal,1651
35887477,1652
Yash Sharma ,1653
Ashutosh Shah,1654
Rahul Raina ,1655
Ravi Ranjan Pandey ,1656
1750108,1657
Sonali Gupta ,1658
Arpit Rathore,1659
1751048,1660
Neil Armstrong ,1661
Rahul Sharma ,1662
Saurabh Minni,1663
Ghosh Babu ,1664
Shyam Mishra ,1665
Chandan Singh ,1666
1935755,1667
Shailesh Mahajan,1668
Nishtha ,1669
Vikram H ,1670
3152752,1671
42018885,1672
42724256,1673
29566299,1674
Suhail Malhotra,1675
Krishna Rakhwal,1676
Meet Maheshwari,1677
Sonali Chauhan ,1678
Rachit Goel ,1679
Gaurav Singh ,1680
Ashish Surana ,1681
Muhammad Ali Manzer,1682
Saqib Rafiq ,1683
Salman Arshad,1684
Dnyaneshwar Kapadi,1685
SG Hyder,1686
Aditi Gupta ,1687
29296791,1688
Ahsan Qureshi ,1689
Rashish Shingi,1690
38166465,1691
Akshar Prabhu Desai,1692
Aadishesh Sharma,1693
Abhishek Bhardwaj ,1694
Vaibhav Mandhare ,1695
Aman Dutta ,1696
Raj Kosaraju ,1697
Prashant Ramaniya,1698
17914348,1699
Mayank Pahuja ,1700
Rishabh Badyal,1701
Sunil Rajput ,1702
23055012,1703
Pradeep Singh ,1704
P Sen ,1705
Akhil Koul ,1706
Faisal ,1707
Gopi Krishna ,1708
26257294,1709
Urvesh Bhatt,1710
Jasbir Singh ,1711
Amandeep Singh ,1712
Stuti Jha ,1713
Devendra Jha ,1714
Hamza Sarwar ,1715
22170268,1716
Pavan Kumar Rao ,1717
36076812,1718
Nishant Sankhe,1719
Kushal Jaiswal ,1720
Anchal Ganjoo,1721
42563867,1722
Aryan Rajesh ,1723
Anuvrat Bundela,1724
Bhaskar Subramanian ,1725
YASIR ,1726
Rana Rajveer Sinh Jhala,1727
Ks Pradeep ,1728
Ashish Shukla ,1729
Puneet Singh ,1730
Harish Sreenivas,1731
Mueed Abdul ,1732
Vikash Kumar ,1733
Nagesh R Bhakta,1734
Riyaz Khan ,1735
Abdullah Ali ,1736
25764926,1737
Abhilesh Korde,1738
Avais Beyg,1739
Auro Sista ఆరో శిష్ఠా,1740
41681980,1741
34860723,1742
21848711,1743
Ganesh Brahmavar,1744
Sourabh Mahajan ,1745
Ankur Mishra ,1746
Amitesh Kumar ,1747
Vishu Menon,1748
Sidhant Gupta ,1749
42556720,1750
Richard Peppe,1751
Krishna Kumar ,1752
Sammy Chaudhary,1753
26253636,1754
Ajit Singh Charak,1755
Sumit Raizada ,1756
Tarun Kumar ,1757
Adwait Bhide ,1758
Anil అనిల్,1759
Jss ,1760
Sav Sultan,1761
Soumitra Ghosh ,1762
Abhishek Soni ,1763
Shubhankar Patil ,1764
Abhik Paul ,1765
Kunal Raut ,1766
42018059,1767
Shashank ,1768
Ricky II,1769
Sachin Narayanan,1770
Girija Shankar Panda ,1771
Tanish Ganjoo,1772
Ibrahim M Banday,1773
Shailesh Kaushik ,1774
32255262,1775
Sumanta Chatterjee,1776
Ayush Tyagi ,1777
19364261,1778
Arjun Manu,1779
Vijay Gajaria,1780
Vaidya K Iyer,1781
Jitendra Kumar ,1782
Pranav ,1783
Ayush Patel ,1784
Pranay Bhardwaj ,1785
Tharun Kumar ,1786
Prateek Anand ,1787
Harshit Gupta ,1788
Projit Shankar Ray,1789
Hamidullah Azad,1790
Pratik Bharad,1791
35077001,1792
Shubham Sharma ,1793
Sandy Praharsha,1794
Romir Bapat,1795
Parthasarthi Gupta,1796
15901858,1797
Himanshu Khatri ,1798
Harsha Kumar ,1799
Anish Sharma ,1800
Ayush Shrivastava,1801
Munnazir Saleem,1802
Anchit Koul,1803
Yoginder Sharma ,1804
Dhivya Ram ,1805
Ajit Patnaik,1806
Pandav Patel,1807
Arpit Srivasttava,1808
An Dan ,1809
Izharullah Khan,1810
31518344,1811
Arunabh Choudhury,1812
Amrita Bhattacharya ,1813
Praveen Kumar Rajendran ,1814
Subramanya Prasad ,1815
Ankur Kumar ,1816
12755629,1817
Arjun Bahree ,1818
37816709,1819
Milind Joshi ,1820
Nitin Jaiman,1821
Honey George ,1822
Krishna Kumar Rajendran ,1823
Syed Faizan ,1824
Nisheeth Saxena ,1825
Krishna Kumar Singh ,1826
Shiva Yennam,1827
Nivant Patankar ,1828
Suvodip Chakraborty ,1829
Harsha Subbaiah,1830
Jayshri ,1831
Milind Gawde ,1832
Prabhakar Ky,1833
Gaurav Dubey ,1834
Ugam Kamat,1835
Yasir Hussain Sheikh,1836
Akbar Imran ,1837
Soumyadeep Bidyanta,1838
11600211,1839
Nikhil Singh ,1840
Shobhraj Singh ,1841
Jagadesh Subramaniam,1842
Muzamil Bhat ,1843
16453178,1844
Rohit Prabhakar ,1845
33622252,1846
Ujash Modi ,1847
Kaushal Kishore Singh Thakur,1848
Lavish Gangwar,1849
Mujtaba Hassan ,1850
Vishwas Begur Venkatesh,1851
Ravi Kuntal,1852
Amarpreet Singh ,1853
28469878,1854
Kunal Kaul ,1855
Stela White,1856
Rochan Mangla,1857
Manik Sikka ,1858
Raj Kumar ,1859
Sumit Rawal ,1860
Adarsh Konkodi,1861
Pradeep Krishna ,1862
Sathiyanarayanan Ramamurthy,1863
16692731,1864
17237795,1865
Andrew Johnatan,1866
11413696,1867
Anuj Parihar ,1868
Chinmay Joshi ,1869
AK Sinha ,1870
Fay Sal ,1871
Aastha Puspalak,1872
Anish Doshi ,1873
Bhavna Raina ,1874
Shikhar Parjan,1875
Deepak Kiran Kumar,1876
32672191,1877
Krishna Jha ,1878
5172761,1879
Augustus MN,1880
Rohit Raut ,1881
16438537,1882
Anil Kumar ,1883
Karthi Sivaraman,1884
Suhail ,1885
16180365,1886
Vasu Sabarwal,1887
Kapil Kant Kaul,1888
Ratnadeep Deb,1889
Shreyansh ,1890
Irfan Rashid ,1891
Nitesh Kumar ,1892
7052397,1893
Kartik Chopra ,1894
John Blob ,1895
Mohammed Abdul Nayeem ,1896
Rajeev Roychowdhury ,1897
Ranjan Singh ,1898
Apurv Singh ,1899
Peeyush Koul,1900
Siddharth Singhal ,1901
Shreyas Sanjay Kaptan,1902
Zaid Deva ,1903
24622398,1904
22321684,1905
Humaira Khan ,1906
Jiten Thakkar ,1907
VP Mishra,1908
Himanshu Tiwari ,1909
Vinayak Nadir,1910
Nasim Ahmed ,1911
Hugh Vas,1912
Khushal Gulati ,1913
Daksh Walia,1914
Karthik Adithya,1915
RP Shahi,1916
Abhinav Anand ,1917
Tejas Badwe,1918
15784237,1919
Indraneel Pole,1920
Prateek Raj,1921
Alix Khan,1922
Dipro Chatterjee,1923
25273935,1924
Hadi Bharara,1925
Senko Di,1926
17223161,1927
Olive Sen,1928
Sandip Modha,1929
Supreet Upadhyay,1930
Prakash Rai ,1931
Ameya Kulkarni ,1932
Sunil Chauhan ,1933
Ridham Vashishth,1934
Raja Babu ,1935
Bryce Johannes,1936
Pragyanshu Pandey,1937
Shishir Mitta,1938
Sushant Kamble II,1939
26012419,1940
Arnav Choudhary ,1941
Borra Suresh Chandra,1942
Himanshu Somani ,1943
7088218,1944
Hemant Rattey ,1945
Abhishek Roy ,1946
Niranjan Nanavaty,1947
Max Paul ,1948
Sadia Hameed ,1949
Vivek Mandal,1950
Vijay Pandey ,1951
Yashvardhan Shukla ,1952
Krishanu Karmakar,1953
Barath Kumar ,1954
Akash Kolariya,1955
Himanshu Bengani ,1956
Amar Deep Singh,1957
14312761,1958
Chitranjan Dar,1959
25250927,1960
Vishal Chib ,1961
Hanan Dhar,1962
25197893,1963
41392426,1964
Jayant Yadav,1965
Rahul Bhan ,1966
Softech Steve,1967
Akriti Mattu ,1968
Pratik More ,1969
20984461,1970
Manish Kr Shukla,1971
Rajdip Sarkar ,1972
Mudasir Shafi,1973
Sheema Parwaz ,1974
Meghayu Adhvaryu,1975
Ashok Kumar Sharma ,1976
14216502,1977
Sachin Mishra ,1978
Chitransh Saxena ,1979
22515837,1980
Aakash Chowdhary,1981
Harshit Nema ,1982
36964522,1983
Arvind Sharma ,1984
Jag Nathan,1985
Koushik Ravi Kumar,1986
Ganesh Iyer ,1987
Amol Gavhankar,1988
Sudheer Saxena ,1989
Jyoti Parihar,1990
13945276,1991
Tundup Dorjay ,1992
25032972,1993
Manik Pandita ,1994
Hussain Saherwala ,1995
Aman Singh ,1996
Puneet Badam,1997
Girish Chandrashekar,1998
Kinjal Macwan,1999
Arvind Ashok Pandit,2000
Prabha Upadhyay,2001
Rachit Bhatia ,2002
Lakshya Narula,2003
Binny Pandita,2004
Partha Sarathi Hansdah,2005
Ram Lalit ,2006
Nitin Khtri,2007
Andrew Roberts ,2008
11239296,2009
Fayez Ameer,2010
Alex Johns ,2011
15936745,2012
Brien K Johnson,2013
Tarun Batra ,2014
Gaurab Banerjee ,2015
Shivam Shah ,2016
6773734,2017
Hiten Singh ,2018
AshokKumar Raju ,2019
Anshay Singhania,2020
Vipul M ,2021
Aditya Shankar ,2022
Ashish Nagar ,2023
Rakesh Prabhakara,2024
Ajay Dahiya ,2025
22542295,2026
Vivek Rana ,2027
E Anand,2028
Rk Hirpara,2029
Neetika Khoda,2030
Vaibhav Hariharan,2031
Tarun Deep Chhabra,2032
Amit Sinha ,2033
Deep Bhatnagar,2034
Krish ,2035
34429678,2036
Asvin Kumar ,2037
Ashish Jaiswal ,2038
Aniket Patil ,2039
Karthik Nandakumar ,2040
29835545,2041
34847332,2042
Dhwanit Mishra ,2043
Shubham Sinha ,2044
Ajay Jain ,2045
Mridhu Salathia,2046
Anmol Monga,2047
Dharmendra Sharma ,2048
Suresh Godara ,2049
Subbu Jois,2050
Gaurav Kaul,2051
Sameer ,2052
Shaheem Shafat,2053
15404169,2054
Jai Kishan Sharma ,2055
Abhishek Kumar ,2056
42023366,2057
TR Santhanakrishnan,2058
21819039,2059
Shafkat Hossain Khan,2060
Arnav Mahajan ,2061
Kamran Khan ,2062
Ozair Rafique ,2063
Nikhil Jandial ,2064
Taaha Shahid,2065
42417886,2066
Chandrashekhar Kotekar,2067
Mashaal Eman,2068
Prashant Priyadarshi ,2069
Vijay Vemuri ,2070
Manish Chandra Singh,2071
Sumit Agrawal ,2072
Mohit Bidhu,2073
17048520,2074
Sagar Bajpayee ,2075
Asy Lum,2076
Aditya Sharma ,2077
Iqbal Gashi,2078
Pratik Roy ,2079
16995096,2080
Ram Chandra Patel ,2081
Vivek Sridhar ,2082
14202921,2083
Prakash Thorat ,2084
Sneh Chakraburtty,2085
20043548,2086
Nitin Swami ,2087
Jagruti Chasmawala,2088
Anika Jhaveri,2089
Abhinav Rana ,2090
11345980,2091
16424316,2092
Parag Kulkarni ,2093
Mayank Pathak ,2094
Mayuresh Ahirrao,2095
Jayesh Daga,2096
Bijilesh P,2097
Deepika Prabha,2098
10237379,2099
Amiya Raina,2100
Alok Tripathi ,2101
Tanmayesh Kohli,2102
11348997,2103
Dan Holliday,2104
Gurtej Singh ,2105
Dineshkumar Ponnusamy,2106
Atik Shaikh ,2107
Vishal Agrawal ,2108
Palash Nimodia,2109
Sonabh Chandra Pandey,2110
Tanvi Chaudhari ,2111
Avaneesh Singh,2112
Sibtain Ali,2113
Khem Raj ,2114
Hammad Syed ,2115
Nisarga Vichare,2116
Mohammad Fayooz,2117
Girish v Rathod,2118
Ekaf,2119
33596712,2120
Sheetanshu Sinha,2121
Sai Kiran Anagani,2122
Grainger Hank,2123
2101560,2124
Mohammad Faraz ,2125
Onkar Thakur ,2126
Faith Care E Services,2127
Sudar San,2128
Aaditya Shah ,2129
25237012,2130
Deepak Rana ,2131
Rahul S Kumar ,2132
Abhishek Ghosh ,2133
Sudheer Kiran,2134
Rohan Acharekar ,2135
Ajay Kamalakaran,2136
Sadhana Jayaram,2137
25944265,2138
Priyank Pamkar,2139
Vivek Mathews,2140
Sushant Gosavi,2141
42224519,2142
Debo Dasgupta,2143
11131046,2144
Soubhik Chatterjee ,2145
Sahib Bir Singh,2146
Krishna Shree ,2147
Rahul Brahmin,2148
Anurag Gupta ,2149
Ramesh Matham,2150
Josh Rover,2151
Jagat Bakshi,2152
Vikas Nayak ,2153
Sakiv Ram,2154
Jamshed Azhar,2155
Shivaram Kamath ,2156
Shashank Satyanand,2157
Sarika Shrivastava,2158
Vipul Barodiya,2159
Amit Dey ,2160
16485494,2161
Srinivasan Narayan,2162
9714215,2163
25380176,2164
Satwik Sree Gokina,2165
Alisha Aggarwal ,2166
7426018,2167
Vikram Jain ,2168
Kunal ,2169
19557348,2170
Saim Dawood,2171
Bhartendu Jha,2172
19560633,2173
Vivek E Paras,2174
Sohail Ahmad ,2175
Saket Kumar ,2176
Prakaash Jumaani,2177
Ravi Anand ,2178
Shailesh Kumar ,2179
Dama Fung,2180
Anuj Rautela,2181
Rahul Singla ,2182
Himanshu Gholap,2183
38138222,2184
Tehreem Ansari,2185
Sud Kamath,2186
Alankrit Kharbanda,2187
Rohan Singh ,2188
Nishil Bhavsar,2189
Hitesh Bhagadkar,2190
Mayank Verma ,2191
28237637,2192
Shubham Chaudhary ,2193
Jayesh Vira,2194
28431320,2195
Lakshminarayanan Elangovan,2196
Nikesh Shetty,2197
Nikhil Sharma ,2198
Nishi Gandotra,2199
Ashutosh Jadhav ,2200
21086746,2201
Panthil Desai,2202
Vaibhav Vats ,2203
Varun Kumar ,2204
Jainish Surana ,2205
Mario Rossi ,2206
Pankaj Jain ,2207
Shantanu Shukla ,2208
Vaman Vayasth,2209
33150535,2210
Mohammad Arshad Madni,2211
Simon Rasmussen ,2212
Ali Khan ,2213
Arvind Kumar Balhotra,2214
Nithin Mathew ,2215
Sri Ka ,2216
25428726,2217
Danish Juneja,2218
Ankit Shastri,2219
Padmaraj Balakrishnan,2220
Nabeel Rehman ,2221
Abhijeet Singh Kushwah,2222
39382931,2223
15899344,2224
Vanita Ashar,2225
Sushrut Sonkusale,2226
SreeHari Karanam,2227
Nikhil Mandloi,2228
Hamza Omar ,2229
Vibhanshu Sharma,2230
Tamanjit Bindra,2231
Shyam Kumar ,2232
19372328,2233
Ayush Gupta ,2234
Karan Kumar Sharma,2235
29915818,2236
Manik M Jolly,2237
Sachin Rai ,2238
Akshay Garg ,2239
Taras Swain ,2240
34405845,2241
Avnita Singh,2242
NAVEEN SAHA,2243
32768082,2244
Raveesh Kumar ,2245
15417752,2246
Daval Pargal ,2247
Amanjot Singh ,2248
29008616,2249
Suvir Dubey,2250
Aniket Ani,2251
15329991,2252
Hardik Shah ,2253
Fuad Fuad ,2254
Abeed Yousuf,2255
Manoj Sharma ,2256
Rajendra Tiwari ,2257
Kunal Rajguru,2258
Akhil Kohli ,2259
Cheshta Bakshi,2260
Shiva Sai Ram ,2261
Anant Warhade,2262
Rohan Sule,2263
Ajinkya Nikam ,2264
Prateek Suryaprakash ,2265
Pratik Sawant ,2266
Chaitanya Kore ,2267
Shahid ul Islam ,2268
Sabeeha Shaheen,2269
Rahul Rohela,2270
Joseph Noel ,2271
Rahul P ,2272
42590978,2273
Ritesh Chaturvedi ,2274
Rajat Garga,2275
Subhamoy Mittra,2276
Sumit Patil ,2277
Krishna Mohan Pathak,2278
Akshay Prabhu ,2279
15871333,2280
Rathi Raj,2281
Narendra Parikh ,2282
Ponnuviji Parthiban,2283
Naman Tuli,2284
Dharm Yogi,2285
Prathmesh Modhe ,2286
24646248,2287
Sihag Pritam,2288
Muawin Masoodi,2289
Aadam Ibn Farooq,2290
23679269,2291
Anil Sharma ,2292
35176190,2293
Saurabh ,2294
Himanshu Singh ,2295
Aadil Bhat ,2296
Nikunj Deep Singh,2297
Tanmay Guha ,2298
38786356,2299
24651035,2300
Vishal Jindal ,2301
Atif Iqbal ,2302
Smrutiranjan Tripathy ,2303
Tony P Silas,2304
Nimish Srivastava ,2305
Sushant Khare ,2306
Harish G ,2307
Sushil Kumar Sompur,2308
Gaurang Pandya ,2309
Aman Spandan,2310
Ghulam Muhammad Malhi,2311
Jaswant Choudhary ,2312
Anil Bharadwaj ,2313
Dabru Anand,2314
Khalid Shafqat,2315
24990963,2316
Anoop Ramakrishnan,2317
Sachin Bhat ,2318
Yashaswini Sivasankar,2319
15879458,2320
Abhinay Sandwar,2321
18720618,2322
Jkt ,2323
Abass Ali Shah,2324
Sridhar S Gsa,2325
Aman Deep Singh ,2326
31011509,2327
Kaustubh Kulkarni ,2328
18843711,2329
Sameer Pathak ,2330
Arun Singh Asb,2331
Sashank Reddy ,2332
Ameya Peshwa,2333
Vikas Raina,2334
18726896,2335
Adithya Chopra,2336
Aamer Wani ,2337
Yash C ,2338
Shivaprasad Reddy ,2339
Nagraj Gujjar,2340
Balgotra Vinod,2341
Mayank Sharma ,2342
Parmod Panghal,2343
Ishan Srivastava ,2344
Dhiraj Warkhede,2345
Nitin Dutt ,2346
Rahulan Rajan,2347
Raghu Bhaskaran,2348
40112421,2349
Kashif Zeb,2350
Kamal Bharakhda,2351
Kiran KS ,2352
11554197,2353
Vedant Thakur ,2354
ED Times,2355
Dhruv Biswas,2356
Sivadurga Prasad M,2357
Gurkiran Kaur ,2358
Tito Souvik,2359
Zain Abedin ,2360
Arif Hussain ,2361
Harmanbir Singh Rai,2362
Ronan Joseph,2363
Somnath Mishra,2364
Waqar Hamza,2365
Prerit Sharma,2366
Sachin Sharma ,2367
Kunal Jain ,2368
Aman Kumar ,2369
21787614,2370
Ishtiyaq Khan ,2371
Abhay Namboodiri,2372
Atul Wagle,2373
Aksharkumar Solanki,2374
Tejas Venkatesh ,2375
Srinivasan Thittai ,2376
Asheesh Gupta ,2377
Akash Priyadarshi ,2378
Raja Barnwal,2379
Tushar Srivastava ,2380
25841532,2381
A Madhav,2382
Khaleel Quershi,2383
Deepika Singh ,2384
Arash Jamwal,2385
Hani Alkadi ,2386
26132414,2387
Qasim Zulfikar,2388
Ramizez,2389
Kanchan Chourey,2390
17532527,2391
26161483,2392
Rishi Iyer ,2393
7835476,2394
Vijay Jeyakumar ,2395
ANURAG PATWARDHAN ,2396
Pranav Mehta ,2397
7331269,2398
Roland Fong ,2399
Tamal Biswas ,2400
B S Harsha Vardhan,2401
Yash Bharadava,2402
Viren Umrethiya,2403
7325197,2404
Pranjal Yadav ,2405
Hemant Sharma ,2406
28139186,2407
13151376,2408
Pulkit Agarwal ,2409
Hemant Sawant ,2410
Aniruddh Singh,2411
25839863,2412
Varun Jadhav ,2413
Harsh Singh ,2414
7378846,2415
16534407,2416
Raunaq Rajkhowa,2417
Sameer Sahil ,2418
Sher Azam Sheen,2419
Advait Mishra ,2420
Darshit Joshi,2421
Graham Harrison,2422
Thomas Antony ,2423
Vineet Basoiya,2424
Ravi Kashyap ,2425
Kiran Rathod ,2426
14666203,2427
Pranav Gada,2428
Divya Malika,2429
9564994,2430
Darshansinghasyaa,2431
Mandy Aloda,2432
15026059,2433
Arun Theagarajan,2434
25889703,2435
Nitish Kumar ,2436
Makarand Desai ,2437
26048866,2438
Daniel Nowaj Majumder,2439
Chaitanya Pakkala,2440
Richa Iyenger,2441
Prabhakaranjohn John,2442
25812626,2443
Abhijeet Parida ,2444
13107928,2445
Yogesha Jagadeesha Meluppargimatt,2446
Deepak Yadav ,2447
Shrinivasan Swaminathan,2448
Shishir Juvekar,2449
28734520,2450
Toms Thomas,2451
33596162,2452
33887626,2453
16610881,2454
19216973,2455
Syed Ahmad Uzair,2456
Ajinkya Chavan ,2457
Ankit Kumar Verma ,2458
26295607,2459
Rajesh Singh ,2460
17813155,2461
Harsh Agrawal ,2462
Khawar Ayub ,2463
Ninad S Dholakia,2464
Ammar Niazi,2465
Siddhant Naidu,2466
42231284,2467
Devidasan Chathanadath,2468
Vedant Thete,2469
Kartik Saxena ,2470
Amit Kaushik ,2471
Deepshikha Apranik Kohar,2472
42161282,2473
28573038,2474
Bhupen Singh ,2475
Shovanjit Khatua,2476
Murtaza Aliakbar,2477
Yashpal Singh Gohil,2478
Rajat Verma ,2479
Dhruv Kohli ,2480
Akash Tiwari ,2481
8641504,2482
41946180,2483
Sunil Singh ,2484
Ranjem Fedas,2485
Shlok Gupta ,2486
Chandrahas Rao,2487
Mark L Levinson,2488
Narendra Badam,2489
Harsh Kumar ,2490
Toshita Chauhan ,2491
Rex Walker ,2492
Priyank Shah ,2493
Lakshya Mittal,2494
Shubham Satyam,2495
Akash Chaudhary ,2496
41443260,2497
Juhi Singh ,2498
Jay Chaudhary ,2499
Ayesha Fatima ,2500
Hari Ram ,2501
Siddardha Varma Gokaraju,2502
Nirbhay Singh ,2503
Prakash Murthy ,2504
Mannu Kumar Mishra,2505
Digvijay Singh ,2506
Senthil ,2507
9961155,2508
Sriharsha Sripathi,2509
Arsh Razdan,2510
Gatikrushna Mishra,2511
Vivek Gurkha,2512
Sumit Tiwari ,2513
Mohit Aggarwal ,2514
Danish Mushtaq ,2515
Anshuman Jain ,2516
Hrishikesh Kapshikar,2517
Fatima Memon ,2518
17053069,2519
35967916,2520
Karan Sood ,2521
Nikhil Saini ,2522
Arnav Kumar ,2523
Nish ,2524
Kanwar Rohit Singh,2525
Navankur Chauhan,2526
Sisir Choudhury,2527
Samba Siva Rao Kadiam,2528
Vivek Dixit ,2529
Kashif Mirza ,2530
Rajan Singh ,2531
Dhamodharan Ramalingam ,2532
Dattatray Udawant,2533
Abhishek Pandey ,2534
26040435,2535
4371055,2536
Sameer Bhagwat ,2537
Nitin Katiyar,2538
Sharav Sadhu,2539
Jelly Cyrus,2540
34462222,2541
25085403,2542
A N Ghose,2543
34508406,2544
Syamantak Sen,2545
Vik Prabhakar,2546
26345467,2547
Lakshay Bansal ,2548
42482752,2549
Vicky Khiyani ,2550
Vipul Kane,2551
Ashutosh Bakshi ,2552
Tanvir Maqbool,2553
Nishant Bhalara,2554
Susheel Kumar ,2555
Tahir Ramzan,2556
Tapaswini Varshneya,2557
Ashwin Susarla,2558
25225609,2559
Ranjit ,2560
Siva Kumar Seemakurthi,2561
Raj Baldev,2562
Showket Bhat ,2563
Anand S Unni ,2564
Pranav Sethi ,2565
Travie Braganza,2566
Ashwin Chitransh,2567
11545348,2568
Sanjay Baluni,2569
11961847,2570
Abhishek Rampalli,2571
25658474,2572
Amit Kushwaha ,2573
41367304,2574
S Anoop Kumar,2575
Pradeep Deepz,2576
Ravi Bhoir,2577
Reader Dreamer,2578
Rishabh Chaudhary ,2579
Barkha Samnani,2580
Shanmuga Subramanian,2581
Aditya Rajware,2582
Gokul Subramonian,2583
Mahtab ,2584
Chandan Mishra ,2585
Vishal Kale ,2586
Haziq Qayoom Lone,2587
Sharmila Bose ,2588
Sangeet Agarwal ,2589
7670089,2590
Fazeel Ayaz ,2591
19511708,2592
Kashmir Travels,2593
Shamik Pushkar,2594
Jawad Ahmed ,2595
Shubham Kumar ,2596
11483054,2597
Rizwan Hunzai,2598
Sudharshan TYR,2599
Vishal ,2600
Raksh Tong,2601
Aatish Gill,2602
Amit Kumar ,2603
Ravindranath Karuturi,2604
Prasanth Valsan K,2605
Avishek Mohanty ,2606
Kevat,2607
Shreeram Marathe,2608
Umi Ali,2609
8624026,2610
Nitesh Mishra ,2611
Sriniket Raghavan ,2612
Prateek Dagar ,2613
Ritam Eva Jayate,2614
Kush Tripathi,2615
Ishant Rana,2616
Deepika Gumaste,2617
Nitin Singh ,2618
Vinayak Bhat ,2619
27383197,2620
Shubham Rath,2621
Angad Singh ,2622
Siddharth Kumar Singh ,2623
26212897,2624
2583530,2625
2934829,2626
10023255,2627
Himanshu Raturi,2628
Gautham Guganesh,2629
Radha Patel ,2630
Rahul Pai ,2631
2924186,2632
Vaibhav Singh ,2633
Debayudh Ghosh,2634
Rowena Qian,2635
Utkarsh Chachad,2636
Evie Lee ,2637
Avnish Tripathi ,2638
Echo Sheng,2639
Alex Lee ,2640
29038784,2641
29122718,2642
Vishal Singh Rajput ,2643
Moin Mubarak,2644
Wenbin Wu ,2645
Bharat Bhushan ,2646
Chaitanya Patwardhan,2647
Ashish Deep Singh Bhatial,2648
Rohit Karmarkar ,2649
Ali M Latifi,2650
9873057,2651
Arjun Verma ,2652
6534171,2653
9877556,2654
Jacques Văn Khải,2655
Vaibhav Srivastava ,2656
Mohammad Zamin ,2657
15339622,2658
Chandra Eskay,2659
Stalen Rumao,2660
35854544,2661
BJ Lathi,2662
Vinod Blink,2663
Amit Pandita ,2664
Abhay Doomra,2665
A Mathur,2666
Ishu Yadav ,2667
Santosh Gannavarapu ,2668
Viresh Mahajan ,2669
29928632,2670
Selina T Johnson,2671
Rishab Raino,2672
Thea Ng ,2673
40648530,2674
26727927,2675
Kulveer Singh ,2676
Ashray Shah ,2677
Sanchit Kushwaha,2678
Lakshminarayana Erukulla,2679
Manudeo N Singh ,2680
Nancy Dutta,2681
2363429,2682
11626825,2683
Pratik Nair ,2684
22468295,2685
23508239,2686
Sunil Shankar ,2687
Varuag Gaurav,2688
Priyadarshini Ohol,2689
Partha Shakkottai,2690
Karan Raina ,2691
Waqas Ali Abbasi,2692
Dhaval Rajyaguru,2693
Sanjay Pal ,2694
Gargi Mahato,2695
34358258,2696
Parminder Singh ,2697
Vikrant Kembhavi,2698
Raniendu Singh,2699
Zayn Stark,2700
Emm Kay ,2701
Níshà Singh,2702
Saqib ,2703
Awais ,2704
Tejbir Singh Khehra,2705
Prithvi Ichangimath,2706
33129585,2707
42625340,2708
Dheeraj Vats ,2709
S K Mani,2710
33486608,2711
Shashank Dhankar,2712
Vishal Jain ,2713
32521073,2714
Sahil Sharma ,2715
Binit Sinha,2716
32500379,2717
Sohail Khurianwala,2718
Akashat Jain,2719
Prakash M Bapat,2720
Siddhartha Sanklecha,2721
25946281,2722
Puneeth Babu,2723
Babya Vithhal,2724
Nayan Goenka,2725
Vaibhav Panwar,2726
Tanmay Mehta ,2727
Debaditya Mukherjee,2728
Wahid Bhat ,2729
25278268,2730
Anshul Kamboj ,2731
Gautam Sharma ,2732
Alejandro Kaiser,2733
26725080,2734
Suyash Manjul,2735
Naivedya Chaturvedi,2736
Fawad Hassan Hashmi,2737
Sankalp Pampattiwar ,2738
Akshat Singh ,2739
26854185,2740
Arpit Kumar ,2741
Jagriti Singla ,2742
Nimish Tirupatipanya,2743
Prateek Mehta ,2744
Arun Bhatt ,2745
Narender Kumar Sharma ,2746
Saurabh Baranwal ,2747
26050771,2748
12161282,2749
Shanker K Vee,2750
Akhil George ,2751
Anirudh Sudarshan,2752
Pankaj Sharma ,2753
Diniel Patel,2754
Raghu Ram Kishore Parupudi,2755
Vk M ,2756
27203316,2757
36157232,2758
41050288,2759
Abaidullah Khan,2760
Jayant Kaim,2761
Mihir Gujjewar,2762
25126165,2763
40066762,2764
14009287,2765
Rishabh Khanna ,2766
Rayees Ahmad ,2767
Capt Samarth Singh ,2768
20296140,2769
Rohit Raina ,2770
Tarakeshwar Allamsetty,2771
34475627,2772
Tanvi Ghildiyal,2773
Pratap Bhanu Singh ,2774
Manav Gupta ,2775
22108785,2776
SriHarsha B,2777
Nitesh Gupta ,2778
22110568,2779
Nikhil Verma ,2780
Girish Amritlal Shah,2781
Siva Das ,2782
KALWAN FADIA,2783
7650438,2784
Yogesh Saini ,2785
Ravi ,2786
Sujoy Ghosh ,2787
27528969,2788
18940765,2789
Zahid Ali ,2790
38415499,2791
Arpit Tiwari ,2792
Sarah Babar,2793
Prashant Pandri,2794
Pratik Bhuite,2795
Harvinder Singh Sabarwal ,2796
Priyesh Tuli,2797
Mukul Tyagi ,2798
Khanday Imtiyaz,2799
Ankush Arora ,2800
Ashisha Nautiyal,2801
Shreerang Kulkarni,2802
Keral Patel,2803
Abhai Sharma,2804
Vikash Bajaj ,2805
Farhan Ansari ,2806
Charan ,2807
Sameer S ,2808
Sarthak Ganguly ,2809
27128955,2810
Nikhil Palherkar,2811
Devrim Aydingoz Kettle,2812
20607858,2813
Sudhir Sharma ,2814
KiranKumar Uppoor,2815
16615985,2816
Darshan Kumar Khullar,2817
Ajith Kumar ,2818
Rajni Wang,2819
Dhritiman Mallick,2820
Kavi Mazumdar,2821
Ashish Pathak ,2822
Daanish Padha,2823
Akshay Parkad,2824
Kapil Joshi ,2825
12838861,2826
Love Mishra ,2827
Maryam Micki,2828
Ashutosh Jha ,2829
Senjuti Karmakar,2830
Mohit Solanki ,2831
Ankit Pandey ,2832
Viraj Deshpande ,2833
Abhay Raina,2834
Raman Roy ,2835
Satya Prakash Gupta ,2836
Vineet Sharma ,2837
Irfan Malik ,2838
Sarthaka Singh,2839
Himanshu Pratap Singh ,2840
Prahlad Yeri,2841
Saurabh Chaudhary ,2842
25220104,2843
Harish S ,2844
Sourav Raj ,2845
25071832,2846
25072071,2847
Amit Menaria ,2848
Shashwat Sahani ,2849
Vizeet Srivastava,2850
Mukesh Anand Manjhi,2851
Akshay Kasture ,2852
Suvega Srinivasan,2853
Muhammad Zain Qasmi,2854
Anoop Singh ,2855
28092174,2856
Rohit Bahuguna ,2857
Vijay Soni ,2858
Ahmed Saad Qureshi,2859
Cheetu Mishra ,2860
33796084,2861
Ravi Kumar ,2862
Nisarg Shah ,2863
Makarand Sahasrabuddhe,2864
16460236,2865
Praveen Reddy Penumallu,2866
28455820,2867
Anand Krishna ,2868
Bharath Kumar ,2869
Prabu Subramaniyan,2870
Surya Kiran ,2871
33293139,2872
Isaac Newton Rajkumar,2873
29686940,2874
Sujith Kumar ,2875
Tahseen Siddiqui,2876
K V Ajay,2877
Bharat Koppuravuri,2878
Saurabh Kumar ,2879
Praveen M ,2880
Devang Parekh ,2881
Nishant Sharma ,2882
Suhas Gowda ,2883
21808647,2884
Ameesh Kanwar,2885
Shailesh Sharma ,2886
41786967,2887
41891602,2888
Mannan Sukhoi Choudhary,2889
Raj Mehta ,2890
31990631,2891
Mohit Sahu ,2892
Aditi Malhotra ,2893
Anwaar Gilani,2894
Travel Divison,2895
Akshay Dadhich ,2896
16154072,2897
Piyush Mohanty ,2898
Ridhima Arora,2899
Rambo Rajkumar ,2900
Haroon Malik ,2901
Rajneesh Dube,2902
33487998,2903
Nirav Ahir ,2904
Nishant Saikia ,2905
Jovial Man ,2906
29548969,2907
Saurabh Sankhyadhar,2908
35621091,2909
Apoorv Jindal ,2910
Srivatsa Garg,2911
Mahesh Murthy ,2912
JAsh Parekh ,2913
Tejan Dattani,2914
Vikas Bodhijani,2915
Ishaan Sengupta ,2916
12674762,2917
Surendra Singh ,2918
19775951,2919
Suyog Narvekar,2920
Kaiser Kuo,2921
Archit Aprameyan,2922
Sheikh Altaf Hussain,2923
12661352,2924
12660809,2925
Kshitij Misra,2926
Paul Denlinger,2927
Shubham Verma ,2928
Burhan Hussain,2929
Subhadev Pal,2930
14572538,2931
14640976,2932
Gaurav Verma ,2933
5324809,2934
Aakanksha Joshi,2935
Tejasvita Apte,2936
Rahul Rana ,2937
Prasham Rambhia,2938
Amartyajyoti Basu,2939
18301127,2940
24987388,2941
Sai Krishna Dammalapati,2942
Akshay Kumar ,2943
18290483,2944
Aman Bhargav ,2945
18302926,2946
Chetan Sinha ,2947
Nymphea Saraf,2948
Saumya ,2949
42516123,2950
Aman Madaan ,2951
Vaachaspathy Vaachaspathy,2952
Sharath Chandra Gutta,2953
27647467,2954
Lalitha Kurella,2955
Hadmat Singh Rajput,2956
Vishnu Sudarsan,2957
26261769,2958
Deepak Nenwani,2959
Sahil Singh ,2960
Rishabh Katoch ,2961
34143345,2962
Rohit Kapoor ,2963
20195429,2964
Chitransh Saurabh,2965
Naeem Sogay,2966
Satheesh Kini,2967
Ravikumar Reddy ,2968
Jut Katani,2969
Umair Safdar ,2970
Åditýå Pål,2971
Hussain Saarang,2972
Mrinal Mohanti,2973
Sunil Poonia ,2974
Piyush Kalra ,2975
Mahtab Alam ,2976
Dhaivat Shukla ,2977
Sneh Sharma ,2978
Dk Sardana,2979
Hitesh Sachdev ,2980
Navneet Singh ,2981
Aryan Bajwa,2982
Shailesh Gp,2983
Sumit Ranjan Panda,2984
Anuj Sharma ,2985
Rizwan Hussain ,2986
Ranjani Ravi ,2987
26346249,2988
Rahul Bharati ,2989
Ankur Bijalwan,2990
Sudhanshu Gupta ,2991
Vaishnavi Rathore ,2992
Karishma Sahu ,2993
19827825,2994
Akshata Birajdar,2995
Sajjad ,2996
Sunny Pandey ,2997
Hitesh Kumar Arora ,2998
Romesh Chandra ,2999
23130623,3000
Dhanesh Kamal ,3001
Rajesh Sharma Dogra,3002
Venus Al,3003
25375679,3004
Bhanu Pratap Singh ,3005
26268190,3006
Ujjwal Kumar ,3007
Sasidhar Subramaniyam,3008
Asha Lalit,3009
34110204,3010
Zida Ziya,3011
Adnan Zia ,3012
Paras Paul,3013
25137011,3014
Nisha Kumari ,3015
Jishnu A P,3016
28164842,3017
Sudeep Sharma ,3018
Abuzar Shahab Qureshi,3019
35360510,3020
Sourabh Singh Rajpurohit,3021
Ram Yadav ,3022
Shubam Kaith,3023
25960773,3024
41181451,3025
Jayaprabhakar Kadarkarai ,3026
Sudeep Pandit ,3027
Bidesi Batmankar,3028
Rahil Batwara,3029
Haris Jafri ,3030
Atalbihari Baddar ,3031
Naeem AshfaQ ,3032
Rahul Kumar Jangra ,3033
Saikat Nayak,3034
Anirudh Rv ,3035
Hassan ,3036
17254622,3037
Anup Kumbharikar,3038
Nilesh Gupta ,3039
Lawrence Fisher,3040
25568356,3041
Lobsang Wangdue,3042
10390860,3043
31752782,3044
Piyush Bajpayee,3045
Ramakrishnan Parthasarathy,3046
Rohit Dwivedi ,3047
Deepan RP,3048
Harsh Raj ,3049
Poorv Sagar,3050
Mohit Senapaty,3051
36905929,3052
Vikas Sharma ,3053
Safdar Ahmad Wani ,3054
Ganesh Ram ,3055
Shiva Verma ,3056
Amit Paropkari,3057
Sandeep Koul ,3058
Aditya AhlawAt ,3059
Sidrat Tasawoor,3060
Mayur Shetty ,3061
Yashika Thaper,3062
42552512,3063
Shrikant Pendharkar,3064
25274886,3065
Anish Kaul,3066
Umar Ahmad ,3067
Bikesh Singh,3068
Mayur Pawar ,3069
5340543,3070
Ameet Gandhare,3071
Gopal Iyer ,3072
Gopal Kalita,3073
Ashish Kaul ,3074
22554554,3075
35072476,3076
Shravan Suri,3077
Anand Gupta ,3078
Yash Nayak ,3079
42029325,3080
Niketan ,3081
Sanath Kumar ,3082
Rirshi Bhargava,3083
Anant Mache,3084
38872095,3085
Deepak Guru ,3086
?share=&srid=XdNP,3087
Vineet Koul,3088
Ankur Gupta ,3089
Pakshal Mehta ,3090
HI Rao,3091
Omendra Biranwar,3092
Nikhil Shaw ,3093
Umair Usman ,3094
Kochhar,3095
Muhammad Abdus Salaam,3096
Memoj Kema,3097
Majaz Ahmad ,3098
5321316,3099
Abhishek Tiwari ,3100
Samita Verma,3101
Subramanya Hp,3102
Aishik Panja,3103
Abdaal M Akhtar,3104
Sumiteshwar Choudhary ,3105
Hiran Banerjee,3106
Samridhi Seth,3107
Tanveer Sayyed,3108
Thé Çhrìs Wïlsøñ,3109
Rahul Pawar ,3110
Lalit Ruplani,3111
Abhi Manyu ,3112
Shrikant Ulhe,3113
Deepak Bharadwaj,3114
22404088,3115
5700696,3116
Vinu CHETTOOR,3117
Siddharth Pathak ,3118
40609961,3119
Diksha Jha ,3120
40612979,3121
Aamir ,3122
32141092,3123
Yash Vashistha ,3124
Raghuraj S Hegde,3125
Nagarajan Srinivas,3126
25127699,3127
33883792,3128
Trishanu Borah,3129
Akalank Jayakumar,3130
Crowly Mathew Arackal,3131
4276352,3132
41000424,3133
Prithvi Dheeraj Reddy,3134
33129186,3135
10878701,3136
GS Narayanan,3137
Margesh Phirke,3138
Vivek Bhagat ,3139
19274714,3140
26815192,3141
Kasun Tharindus,3142
39340821,3143
Saad Iftikhar ,3144
Dinesh Rawat ,3145
Balaji Shinde,3146
Faqeel Dehlavi,3147
Swayamsiddha Pradhan,3148
8208069,3149
Shobhit Monga,3150
Sushant Somkuwar,3151
Riddhi Parmar ,3152
7430924,3153
Pradeep Jain ,3154
Avinash Dotasara,3155
Tanuj Kapoor ,3156
Mitesh Patel ,3157
Kiran Valsan ,3158
Nilay Parikh ,3159
Abhishek Menon,3160
Mohanish Chopra,3161
Sumit Dalal,3162
Ashish Dogra ,3163
Swaraj Mishra ,3164
Syed Kamal ,3165
Pramod Bhargava ,3166
Anindya Rastogi,3167
41869383,3168
27926446,3169
Rakshit Pandey ,3170
Jaspreet Singh Oberoi,3171
Siddharth Shah ,3172
Umang Bhatia ,3173
8107990,3174
8196535,3175
Vishal Gopal,3176
4269059,3177
25066005,3178
Anubhav Tomar ,3179
Vijay Dani ,3180
Bhavuk Arora,3181
Shashank Gangil,3182
Shaily Nimodia,3183
Shivom Sharma ,3184
Rajat Yadav ,3185
Dipanshu Rawal,3186
G s Chouhan,3187
Smita Dutt ,3188
Moin Adil,3189
Nagarjuna Agrahara,3190
Hardeep Singh Mehra,3191
4365572,3192
25067725,3193
Jibran Mohenjo,3194
7504037,3195
Sneha Banerjee ,3196
22455789,3197
Naveen Kumar N,3198
Amod Singh Gehlot,3199
20751731,3200
Vinod Dawda,3201
Shripati Pai,3202
Shahid Rehan,3203
8119643,3204
Divyam Goel ,3205
Jitendra Mishra ,3206
6730258,3207
Akshay Mane ,3208
Prateek Joshi ,3209
7104380,3210
Sharad Subramaniam,3211
Vishnu Prasad ,3212
25328617,3213
Alvi Brar,3214
Abhishek Butola ,3215
Ramesh MS ,3216
Tejas Namboodiri,3217
Muneeb ,3218
Shweta Anand Maiti,3219
Diya ,3220
Sumon Chattopadhyay,3221
Vikas Pratap Singh ,3222
Rajiv Lochan ,3223
15330125,3224
28277524,3225
Pamposh Bhat,3226
35371762,3227
Reazul Abedin,3228
Musadiq Ahmed ,3229
Shumayel Liton,3230
Vinod Gupta ,3231
Rohan Dwivedi ,3232
Prashant Patnaik,3233
Prasanna Ragothaman ,3234
Srinivasan Ayyer,3235
17915123,3236
Nilesh Bairagi,3237
7375384,3238
2046407,3239
Ramandeep Singh ,3240
31194156,3241
Pratik Mandrekar,3242
Divyanshu Juneja,3243
7108856,3244
Sunil Bishnoi ,3245
AP ,3246
Chandru Pandian D,3247
Duryodhan Kuru,3248
Kiran Vijay Khedekar,3249
Basant Pandey ,3250
Kritika Singh ,3251
Kuntal Sarma,3252
Vijay Patil ,3253
Swapnil Khandekar ,3254
Raj Mudgal ,3255
Divyanshu Jindal ,3256
Saurabh Jha ,3257
Himanshu Mishra ,3258
Danny Daniels ,3259
Nandu Venu,3260
Manohar Bauskar ,3261
Utkarsh Pandey,3262
20321653,3263
Veer Singh ,3264
29364398,3265
18640916,3266
19732810,3267
Subhajit Ghosh ,3268
Sriram Sridhara,3269
Ramasubramanian Sridharan,3270
30429868,3271
Yasir Beijing,3272
Harsh ,3273
Rushali Prasad,3274
Shahzaib Saifullah,3275
Pankaj Deshmukh ,3276
Raziman T V,3277
Kiran Kumar Bokkesam,3278
Sourabh Sharma ,3279
15624458,3280
32088198,3281
Ahmed Hassan Khan Akhunzada,3282
Saurabh Daga ,3283
26621944,3284
21279945,3285
21302763,3286
Aman Shrivastava ,3287
Sayak Dutta ,3288
27174488,3289
Laxmikant Kashyap,3290
Amol Raj Pandey,3291
26409702,3292
25121308,3293
20965341,3294
Aditya Bhat ,3295
Rishabh Pandita,3296
26418177,3297
Faysal Amin ,3298
Daya Bharatiya,3299
Bhavleen Singh ,3300
Antara Sarkar,3301
21364312,3302
Brijesh Kumar ,3303
Amar T ,3304
Simranpreet Sawhney,3305
Milind Lele ,3306
Rajesh ,3307
Parth Bagariya,3308
29607616,3309
Raghavendra Hegde ,3310
Nachi Sawrikar,3311
Ravinder Singh Tanwar,3312
Rithwik Trehan,3313
Bilal Rehman ,3314
Saurabh Patil ,3315
Ravi Pandit ,3316
4634866,3317
Sunny Mantri,3318
Vibhanshu Kulshrestha ,3319
Rajeev Singh ,3320
Srikanth V ,3321
Chandan Kohli,3322
Debodip Gupta,3323
Naman Goyal ,3324
Akshat Jaiswal ,3325
Usman Shabbir ,3326
Viplav Mehta,3327
Tarun Singh ,3328
Govind Kalaga,3329
Nagendra Muddam ,3330
Suman J Malekani,3331
Lalit Prakash Rudra,3332
Priy Vrat,3333
Sai Krishna ,3334
Bhawna Singh ,3335
Ankush Jain ,3336
Krishna Kant Singh ,3337
Sarthak Khinvasara,3338
Chandrakant ,3339
42515928,3340
Trilochan Reddy,3341
41857200,3342
Vipul Batta,3343
Ragavendiran Didu,3344
18523750,3345
Raghav Bajaj ,3346
15281392,3347
Laxmikant Bamaniya,3348
Rajbir Singh Shienh,3349
7518761,3350
Swastik Bhat,3351
Ashutosh Tripathi ,3352
Ustransh Tamiri,3353
13780664,3354
Robert Leo ,3355
Martin Landauer,3356
Vincen Mathai,3357
Vijay Deora,3358
Sagar Shirodkar ,3359
Sabari Sreekumar,3360
Utkarsh Pandey ,3361
Shushant Sanwarey,3362
28699142,3363
Naman Sood ,3364
Dinesh Mundhra,3365
Anshuman Bhat,3366
36556220,3367
27412684,3368
Harshit Paliwal ,3369
MM Patel ,3370
Keval Malde ,3371
Kundan Chauhan ,3372
Navi Sidhu ,3373
Zenith Home,3374
Prabhaskar Jha,3375
Atif Nazer,3376
23888415,3377
22815033,3378
Samarasan,3379
Samar Abidi,3380
Thulasi ,3381
Faez Zaman,3382
28087623,3383
Tohaa Qureshi,3384
20611175,3385
Rohan Mishra ,3386
33291538,3387
Alpha Mechy,3388
Naresh Babuta ,3389
Kishan Kumar ,3390
Deepak Bhardwaj ,3391
Aziz Niazi ,3392
GS Balaji,3393
Yash Rungta ,3394
Mani Duraisamy,3395
Kranthi Anne,3396
32359919,3397
Ajay Ohri,3398
Aman Joria,3399
Ali Baig ,3400
Prashant Sharma ,3401
25644261,3402
B SANKARANARAYANAN,3403
36587478,3404
Shalabh Tayal,3405
Dinesh Kumar Jain ,3406
16834862,3407
Shashank Shekhar ,3408
35278245,3409
Yaniv Ng,3410
28356838,3411
Rakesh Nair ,3412
19337979,3413
7968819,3414
Manish Srivastava ,3415
37064228,3416
40446601,3417
Sam Cherian,3418
Harsh Suri ,3419
14819997,3420
Pravin Mogra ,3421
Steevenson Pierre,3422
Muhammad Jafri ,3423
Gaurav Pattnaik,3424
Manish Kumar Choudhary ,3425
23054895,3426
Jeh Chaudhary,3427
11774375,3428
Anindita Chakraborty ,3429
Sheetal Patel ,3430
Chirag Verma ,3431
Jyotirmoy Roy ,3432
41702735,3433
Dk Shaik,3434
25062101,3435
Saideep Totre,3436
Shivendra Singh ,3437
Rohan Sharma ,3438
Amar Nath ,3439
Mrinal Chandra ,3440
Mohit Sharma ,3441
Shivalkar Jha,3442
Saurav Shakti Borah,3443
Vishu Sharma ,3444
Sachin Sinha ,3445
25161782,3446
Mohit Tiwari ,3447
24297829,3448
Surya Vanamali,3449
Sourav M ,3450
25059883,3451
Rahul Joshi ,3452
Arsh Sharma ,3453
Richa Ganesh,3454
Jon Samuel ,3455
Parvathy ,3456
Sarthak Nayak ,3457
Arkarocksm Mukherjee,3458
27896574,3459
Kishan Kant,3460
Kundan Kumar ,3461
Nusrat Peerzada,3462
Namita Singh ,3463
Shivong Birla,3464
Nirbhay Gupta ,3465
Arni Vamsi Kiran,3466
8731649,3467
Yuvraj Patil ,3468
Akshay Kher,3469
Sivakumar Ponaiyur Ramakrishnan,3470
25352203,3471
Deepak Kumar ,3472
Robin Raj ,3473
26777434,3474
Vinod Ganiger,3475
Nicolas Jessie,3476
28603981,3477
Harish Babu Kuruva,3478
Naman Tiwari ,3479
Anup Dugane,3480
Vikas Chauhan ,3481
Madhav ,3482
12020869,3483
31586792,3484
Lalat Nayak,3485
Aditya Prakash ,3486
Kondurumadhu Madhu,3487
Ashton Rozario,3488
Krishna Kondepudi ,3489
4386810,3490
Akash Kumar Singh ,3491
4392303,3492
Sunil Sinha ,3493
Harsh Aditya ,3494
Ajay ,3495
Adeel Shafique,3496
Lax Lsr,3497
Pallav Gautam ,3498
Radhakrishna Holla,3499
Yash Utmani ,3500
Mohana Das ,3501
8296665,3502
Medha Malaviya,3503
Naushaba Khan,3504
Ankit Verma ,3505
Venkatesh Sudula,3506
Sabru Foxtrot,3507
Divyesh Trivedi,3508
25061180,3509
Akhil Mahajan ,3510
Malavika ,3511
Suresh Handa ,3512
Pavan Palaparti,3513
Vimal Chaudary,3514
Shailesh Tanpure,3515
Syed Saqib ,3516
Bijoy Das ,3517
2505354,3518
John Burgess ,3519
Harish Kumar ,3520
Kirty Bhushan,3521
Hemendrasinh Umat,3522
24610351,3523
SK Abdus Sayeed,3524
Dipankar Niranjan,3525
Nivan Sadh,3526
Kushal Kandhari,3527
Prahlad Rai ,3528
27451921,3529
41055192,3530
25126732,3531
Dinu Antony ,3532
Arka Sarkar ,3533
Mohan Janga ,3534
40435816,3535
Vivek Omprakash Waghmare,3536
Rishita Yadav ,3537
Aayush Bajoria ,3538
Avnish Dwivedi ,3539
40361684,3540
40361929,3541
Mayank Srivastava ,3542
Spruha Padhi,3543
Arun b Sharma,3544
Anusha Velpula ,3545
Bilal J Sahi,3546
Toshal Phadol,3547
Javed Iqbal ,3548
Ashik Anand ,3549
Ramanan Kannan ,3550
25272509,3551
17848503,3552
Immanuael Mathew,3553
Harinder Anand,3554
18215300,3555
18411449,3556
Pranav Vishal ,3557
Prasanta Sarkar ,3558
Hariharan Sivan,3559
33472934,3560
30259672,3561
Qaiser Khan ,3562
Siddharth Sharma ,3563
Varun Gowda ,3564
Satakshi Anand,3565
Perviz Surti,3566
Himalayan Eco Tours,3567
Ankit Kaul,3568
Sumedh Habbu,3569
41420546,3570
Alexis Alejandro Bueno Norambuena,3571
Shankar ,3572
Rajeev Verma ,3573
Amit Tripathi ,3574
Ivan Grunser,3575
37374944,3576
Satnam Kaur ,3577
Pratibha Chauhan ,3578
Saikat Ghosh ,3579
36647271,3580
26910399,3581
Jamie Daniels ,3582
15682558,3583
Shubham Patel ,3584
Pankaj Gupta ,3585
Yug Mehta ,3586
Shashank Juyal ,3587
10051414,3588
Joy Deep ,3589
Vagus Serio,3590
11515241,3591
Gurcharan Singh ,3592
Syndy Saint,3593
Rahul KChauhan,3594
29340013,3595
Hrushi Kesh ,3596
25361157,3597
Roheet Raina,3598
Dk Nagar,3599
Jayendra Rana,3600
Aniket Babuta,3601
Sambeet Satapathy,3602
29697273,3603
Vinal Sharma ,3604
21902447,3605
Siddharth Naik ,3606
Vivek Alive,3607
Avinash B ,3608
Shreyas Banthalpad,3609
26832522,3610
29133049,3611
Abdullah Karagoz,3612
Burak Coban,3613
Sanjeev Puri ,3614
Praagya Singh ,3615
Tilak Mani,3616
Rashmi Rao,3617
Ayushman Bharti ,3618
Prathamesh Kulkarni ,3619
Avi ,3620
Jawahar Koul,3621
26268049,3622
33089092,3623
Ashmita Ray,3624
‪Vishwa Patne,3625
7376921,3626
Hemanth Tokala,3627
33318336,3628
33274696,3629
Muhammad Iqbal ,3630
30020460,3631
Deep Shikha Mohla,3632
31659784,3633
Tenzin ,3634
Anumoy Kar,3635
Revant Chaudhary,3636
Asif Muhammad ,3637
Swati Kadyan ,3638
Sameer Chakraborthy ,3639
Anirudh Parthasarathy,3640
33703775,3641
Yashashwi Sharma,3642
29558096,3643
K K N SIVA PRASAD,3644
Vijay Raghavan ,3645
Kuber Karol,3646
Indu Shekhar Jha,3647
Akshay Vyas ,3648
Hareesh Reddy ,3649
Akash Jain ,3650
19881020,3651
Ankit Loya ,3652
Sanjeeva Shukla,3653
Vishwas Virani,3654
Nishant Kharkwal,3655
Drishtant Avasthi,3656
Abhishek K Peddibhotla,3657
Rational Man ,3658
Abdullah Haider ,3659
11223076,3660
31731509,3661
Ayoub Khalid,3662
Tanuj Biswal,3663
Chirag ,3664
37726911,3665
Sumit Mullick,3666
Shardul Pilley,3667
Deepak Singh Airy,3668
Basant Sharma ,3669
33076968,3670
Vishwanath Bhat ,3671
Kamlesh Joshi ,3672
Shridula Govind,3673
Arkaprava Mridha ,3674
35221816,3675
Abhay Dhar,3676
Radhika Ramesh ,3677
Isaac Dezoa,3678
Magesh Maiyrapudingi,3679
Fozia Khan ,3680
Yashwant Dandu ,3681
Syeda Asma Huda,3682
Padmanabhan Manoharan,3683
Ishna Kaul,3684
Anand Swaroop Kashiv,3685
24971659,3686
Gianetan Sekhon,3687
Hriddhiman Dutta,3688
Ajay Dandriyal ,3689
37048103,3690
Seerat Kaur ,3691
16862473,3692
35085214,3693
Ram Krishna ,3694
Amit Singh Sengar ,3695
20457674,3696
Prateek Gupta ,3697
Sanjay Sondhi ,3698
Rahul Upadhyay ,3699
Gaurav Gupta ,3700
Umesh Sharma ,3701
Prashanth Andugulapati,3702
Srijith Unni,3703
Ra Mattoo,3704
Abhishek Mitra ,3705
Sumit Belwal ,3706
Vikrant Satpute,3707
MANISH YADAV ,3708
10297760,3709
Debakanta Sandha,3710
Rwpla,3711
Vikas Singh ,3712
Gaurav Sahu ,3713
Manu Mehndiratta,3714
MD Shahnawaz Khan ,3715
Aditya Kumar ,3716
2547879,3717
Jaishankar Babu,3718
41702653,3719
42302996,3720
Sachin Arya ,3721
11483053,3722
Mithun Chakraborty ,3723
Bharathwaj Sundaresan,3724
Ashwini Dandavate,3725
Gagandeep Bhullar ,3726
11466791,3727
28295805,3728
Harsh Bhatia ,3729
Niladri Sanyal,3730
Yasir Mohiuddin ,3731
13479060,3732
Raghuveer Singh Parmar,3733
Niraj Agarwal ,3734
Sumit Sharma ,3735
Vikram ,3736
Sid John ,3737
Phoolchand Yadav,3738
28282614,3739
18607469,3740
29287034,3741
Nishant Ashar ,3742
35026909,3743
Adil Khan ,3744
Rajesh Nehra ,3745
Muneeb Bhat,3746
Ravi Sankar Rao D,3747
Sushant Kishore,3748
Snehal Deb,3749
Utkarsh Ganesh,3750
20350687,3751
Charles Boyd ,3752
Jon Mathews ,3753
Lalit Anand ,3754
Wassaf Shaikh,3755
Dandamudi Mohan Krishna,3756
Nishant Mehta ,3757
Suresha Ramachandra,3758
Ritesh Bhat ,3759
33142821,3760
Sahran Malik,3761
Parikshit Joshi,3762
13966836,3763
Shabir Hakim,3764
Tasneem Hameed,3765
Sai De Grate Pradhyumna,3766
Vivek Rayal,3767
21956292,3768
41555504,3769
Muhammad Emad ,3770
40098389,3771
25151542,3772
41676959,3773
Milind Mishra ,3774
6691658,3775
Bir Chilarai,3776
Jayanth Urimi,3777
42690296,3778
Vithal Dhulkhed,3779
42014598,3780
Sandeep Satone ,3781
Subhash Jha ,3782
Shivam Dogra ,3783
Abhay Wanchoo,3784
Akshita Nidhi,3785
Nagendra Mehndi,3786
27958785,3787
Robert Feight,3788
Avinash Hindupur,3789
1976987,3790
Vijay Jain,3791
Dineshkumar T,3792
Sagar Singh Gupta,3793
Gn S,3794
42464456,3795
31122462,3796
Damascus ,3797
Sourav Goyal ,3798
Kaushal Dwivedi,3799
Anjali Sharma ,3800
Rama Moondra,3801
28532548,3802
Arihant Lodha ,3803
Amit Garg ,3804
Jagdish Varma ,3805
33226254,3806
Pragadeesh Thennamanallur Pasupathy,3807
30299283,3808
Dhanesh Dhanu ,3809
Vikram Malik ,3810
Kanan Ashesh Amin,3811
Sharath ,3812
12764831,3813
30663085,3814
Aditya V Kumar,3815
Mukunda Gupta,3816
Vivek Choubey ,3817
28509956,3818
Aditya Naikdesai,3819
Nimish Kapoor ,3820
Nikhil Rangari ,3821
Madhav Banerjee,3822
Saurabh Sharma ,3823
Gunwant Walbe,3824
Mannu Raut,3825
Rahul Funde ,3826
Ratheesan Kaneswaran,3827
Shiv Dandriyal,3828
Avinash Kumar Vashistha,3829
Sonam Mishra ,3830
28559043,3831
Anondo Das Gupta,3832
Kumar Niket,3833
Navneet D Deshpande ,3834
Amit Mudgal ,3835
Kajal Singh ,3836
Arindam Mukherjee ,3837
28536053,3838
34215349,3839
Alok Tiwari ,3840
Deepak Saw ,3841
Rohan Karthik ,3842
Anupam Dube,3843
Subhashis Chowdhury ,3844
Vikas Shelke ,3845
Kiran Kumbhar ,3846
Rais Roy,3847
Kalpesh Gosavi,3848
Sharath Menon ,3849
AKASH PATIL ,3850
Anumey Jain ,3851
Ashutosh Pandey ,3852
Sam Singh ,3853
Mahesh Bendre,3854
Nomesh Yadu,3855
41556520,3856
Sayuj Natarajan,3857
Rohan Dixit ,3858
Shardul Rahatade,3859
Sutirtha Saha,3860
Amol Kamthe ,3861
Divyesh Vamja,3862
25400445,3863
Srajan Maheshwari,3864
Shubham Bhan ,3865
Trilochanprasad Hilli,3866
Mathew Sam Pullampallil ,3867
Mafla Mudgal ,3868
40272597,3869
Vijay Kumbhoje,3870
Vishwajit Kadam ,3871
Shankara Narayanan Sethuraman ஷங்கர நாராயணன் ஸேதுராமன்,3872
Ahmad ,3873
Bitan Datta,3874
Rana Salman Hafeez,3875
14173160,3876
RangaMannar Vadigepalli,3877
11351997,3878
Smith Shah,3879
Aditya Raina ,3880
30785590,3881
Dushyant Pal ,3882
Viswanath Ajikumar,3883
Anubhav Hanjura,3884
Anil Sankar V,3885
Arun Chettiar,3886
Rishabh Kumar ,3887
Sanchit Kumar ,3888
Nirmal m Thomas,3889
36614636,3890
7149072,3891
Meet Bhatt ,3892
Madanmohan Gupta,3893
Umashankar Das,3894
Krishnan Arjun,3895
Ganesan Krishnamurthy ,3896
6958944,3897
Santosh Kumar ,3898
Nishith Animesh,3899
Madhur Maloo ,3900
Dinesh Narayana ,3901
Nishant Jumle,3902
Harsh Chandak,3903
Muhib Hussain,3904
Subodh Raje ,3905
Ujjwal Baghel ,3906
17309312,3907
Vince McWolf,3908
Praful Desai,3909
Vipin Patwari,3910
6935331,3911
Pawan Pandey ,3912
20515917,3913
Suresh Kakkar,3914
Chirag Garg ,3915
Achintya Srivastava ,3916
Ranganarasimman Srinivasan,3917
Ranjith Vadiyala,3918
Hammad Murtaza,3919
Himanshuray Vaidya,3920
Rahul Mohanani ,3921
Adarsh Balasubramanyam,3922
Siddhartha Shankar Tiwari,3923
Aishwary Dubey ,3924
16694991,3925
25886126,3926
8609567,3927
Aarathi Shekar ,3928
8656669,3929
Aaditya Jagotra,3930
23494932,3931
Akhil Pai ,3932
Sreedhar Jujare,3933
Np Nayar,3934
Ainkareswar Pillai,3935
AKA ,3936
Tanmaya Das ,3937
Shashank Patil ,3938
Abhilash Satpathy ,3939
Adhya Chaturvedi,3940
Khan Rouf ,3941
25558157,3942
Venkatesh Kandimalla ,3943
Mimansha Khangarot,3944
Ashwin Suresh ,3945
Milap Purohit,3946
Goran Mekota ,3947
Prashant Ojha,3948
Arjun Pamnani,3949
Sreeram Hariharan,3950
Vikas Raturi,3951
Prafull Bajpai ,3952
Ammy Tyagi,3953
Shah Kushal ,3954
Abhishek Datta ,3955
Faizan Ali,3956
Sandeep Albert Mathias,3957
Khagesh Deshpande,3958
14443742,3959
Jimmy Khamar,3960
Rajeev Agur,3961
15191030,3962
Sidharth Mittal ,3963
Christopher Alvares,3964
Aishik Saha ,3965
Vinu Shatakshi,3966
Prakhar Singh ,3967
14446732,3968
14449413,3969
Sandeep Damodaran,3970
Abhishek Kulkarni ,3971
Ayush Tiwari ,3972
15706668,3973
Shubham Barnwal ,3974
Rachit Ajitsaria,3975
Vishwa Bhushan ,3976
Sathyapriyan Chinnathangam முத்து ராஜ,3977
Raj Shekhar ,3978
Sanchit Gandhi ,3979
Kabbo Ahsan,3980
Raja Ramalingam ,3981
Harman Hundal ,3982
Uday Malhotra ,3983
Shamiz,3984
Amol Patil ,3985
Harshkumar Gajjar,3986
Saumya Chhabra ,3987
Naga Chiranjeevi,3988
12401705,3989
Prince Amit,3990
Nitesh Agarwalla ,3991
Arjun Iyengar ,3992
Siddhant Sant,3993
Soham Dibyachintan,3994
Aditya Tripathi ,3995
Amber Fatima ,3996
40598677,3997
Kaka ,3998
Narendra Reddy ,3999
Bhumin Shah ,4000
Anurag Bhattacharya ,4001
Rahul Date ,4002
12265829,4003
Saod Ashraf,4004
Sunil Narhe,4005
Aniket Muthreja,4006
Sahil Bhargava ,4007
Shashi Ranjan ,4008
Sam Sarkar,4009
Mayur Jadhav ,4010
Gaurav Chandra ,4011
Naman Bhardwaj ,4012
ADP ,4013
Ank Arya,4014
41879260,4015
Sheikh Fayaz ,4016
Pawan Nogariya,4017
Parag Gawde,4018
24964479,4019
24992516,4020
Ritesh Bhatt ,4021
24991288,4022
Krit Verma ,4023
24977229,4024
42473413,4025
Dev Sahoo ,4026
Denis Grammakov,4027
Mohan Turaga ,4028
Nana Siddharth ,4029
Sharan Kumar K,4030
Roshni Singh,4031
Rangrezz,4032
Saloni ,4033
22455473,4034
Sunil K Kumar,4035
Naren Ambwani,4036
Rakesh Jha ,4037
Aman Madan,4038
Michael Huber ,4039
34498810,4040
19582056,4041
Amit Anshu Sharma,4042
Yasir Khan ,4043
Prashant Gupta ,4044
Dev Sarkar ,4045
Mohit Gandhmal,4046
Rahul Warrier ,4047
Rohan Sinha ,4048
15957375,4049
G B Srivastava,4050
Areeb Farooqui,4051
Maheswar Deka ,4052
Kshitij ,4053
Nemil Shah ,4054
Mayank Malra,4055
Sarthy TJ,4056
Arnav Gautam Joshi,4057
Rajat Nugyal,4058
Prasanna Balaraman,4059
Gaurav Dey ,4060
Surender Malik ,4061
Pooja Singh ,4062
Visal Sudhakaran,4063
Rajah Hindustani,4064
Syed Ali Abbas Gillani ,4065
Pawan Deshmane,4066
Sameen Khan ,4067
Amna Farooq ,4068
Subhrajit Mishra,4069
Nitin Aggarwal ,4070
Gurdit Singh Bhangu,4071
Shivaji Tandon,4072
28234693,4073
Gurminder Singh ,4074
Ramesh Sangha,4075
31456914,4076
Abishek Hariharan,4077
1096134,4078
15938871,4079
Kuber Kaul,4080
19164998,4081
41421800,4082
Isaac Newton ,4083
Varun Khullar,4084
Husain Ali ,4085
34447785,4086
Sharath Nair ,4087
Prasanna Bhalerao,4088
Shambhu Das ,4089
31049896,4090
36953035,4091
Abdul Ahmed ,4092
34484791,4093
Aditya Bawari,4094
Ali Warsi ,4095
Aadi Ali ,4096
Kaushal Kumar ,4097
11624277,4098
Shubham Aryan,4099
Nikhil Sukumar,4100
Raghavendra Raghu ,4101
Siddhant Sharma ,4102
Ahmad Umama Jafri,4103
Bhavini Singh ,4104
Mohammad Mustafeezul Haque,4105
19509376,4106
Aakanksha Aggarwal ,4107
Anshul Aashish,4108
Kunal Dhulekar,4109
Ishita R Chakraborty,4110
5253560,4111
Amulya Jain,4112
Chandramohan Parashar,4113
Pranav Shahi Viswen,4114
Thakur Deepak Singh Bhardwaj,4115
Himanshu Masurkar ,4116
Junaid Parray ,4117
16634840,4118
Vikram Singh ,4119
19826090,4120
Sidhant Malaiya,4121
Anurag Singh ,4122
Elisa Lele,4123
Ashwinee Panda,4124
Kumar Ranjan ,4125
Amitesh Mahotra,4126
இம்மானுவேல் டேவிட் Immanuvel David,4127
Suhani Baloria,4128
Rohan Gupta ,4129
Subhrakant Rout,4130
28572849,4131
Aryaman Sharma ,4132
Pradeepkumar Singh,4133
Shweta Mahajan ,4134
16646560,4135
40363270,4136
Akshay Vannery,4137
Fidatu Eerie,4138
Akshay Saraswat ,4139
Pranav Bhardwaj ,4140
26340381,4141
Kaustubh Shukla ,4142
Abhishek Balaji ,4143
Harjeet Singh ,4144
13830938,4145
Achal Malhotra,4146
41565202,4147
Nehool Bhutda,4148
Siddharth Agrawal ,4149
Mamidipalli Avinash ,4150
40820865,4151
Kartik Chandra Chaturvedi,4152
7372643,4153
Ashwini Kumar ,4154
Sudhir Sonnawar,4155
Subho Ganguly ,4156
25354493,4157
Aaron Cai ,4158
27793451,4159
Vikram Thakur ,4160
24514427,4161
Kavi Tha ,4162
P P Paul Eth,4163
3606966,4164
Raaz Kumar ,4165
Karthick Balaguru ,4166
Shivam Singh ,4167
Vishal Parekh ,4168
Rajeev Ranjan ,4169
Sunil Baily,4170
Ankhi Mun,4171
Prasad Mani ,4172
Abhishek Sinha ,4173
Singh M ,4174
42073747,4175
Sandeep Mahajan ,4176
Roshan Verma,4177
3386644,4178
Pankaj Dhale,4179
41863718,4180
Anubhav Shakya ,4181
Ankit Gupta ,4182
Debanjan Rudra ,4183
Kartik Gawde,4184
Saurabh Rai ,4185
Varun Acharya ,4186
Abhinesh Rolla,4187
Audie Murphy ,4188
Satyarth Routroy,4189
25540673,4190
Chandrasekhar Nyshadham,4191
Ashutosh Mishra ,4192
26591389,4193
Anurag Nikhare ,4194
Kavya Das,4195
Ranna Danappa,4196
Rahul Pandey ,4197
Kaleem Ullah ,4198
16917198,4199
Santosh ,4200
Aqsa Mirza ,4201
16362276,4202
Pranav Gupta ,4203
16860722,4204
Ali Haider ,4205
Raj Kirmaney,4206
25066406,4207
Ubaid Farooq,4208
Shah Atherr Alam ,4209
Dushyant Chauhan ,4210
32125957,4211
Vinay Kumaran,4212
Anuj Agrawal ,4213
Arun ,4214
28603134,4215
Varun Kr ,4216
37094651,4217
Pankaj Tickoo,4218
Amjad Mughal ,4219
Rohit Ku ,4220
28982000,4221
Chandresh Mehta ,4222
26799685,4223
Chandra Sekhar Gudipati ,4224
Praful Tickoo,4225
27260836,4226
Bilal Khan ,4227
Apoorva Banerjee,4228
Chandra Sekhar Vempaty,4229
Sunil Tambe ,4230
Shoaib Sipai,4231
Junaid Shah ,4232
Ahmed Jabran,4233
34205738,4234
21528903,4235
Santrupt Nadkarni,4236
Osman Jafery,4237
14105584,4238
Ravi Shah ,4239
Siva Bhanu Krishnamsetty,4240
31444373,4241
Tushar Verma ,4242
31456537,4243
Armaan Mufti,4244
Aditya Singh ,4245
Ashutosh Jayaswal,4246
Usama Siddiqui ,4247
25322956,4248
Eddie Du ,4249
4377272,4250
Rakshit Ogra,4251
Smriti Pradhan,4252
Hola Bhola ,4253
26652456,4254
Ronak ,4255
3826471,4256
26614245,4257
Hassan Mujtaba ,4258
Krunal Patel ,4259
Muheed Wani ,4260
Khalid Ahmed ,4261
Abhijit Khaunte,4262
Nikhil Manali,4263
Shyam Bhagat,4264
28194260,4265
32705808,4266
Vidushi Razdan,4267
Mahima Raina,4268
Vinay Sandesh,4269
38640947,4270
Tajanya Mohan,4271
Aashaa ,4272
Umair Ashraf ,4273
28046120,4274
Saiyed Hassan Abbas Rizvi,4275
Raj Sharma ,4276
Anjan ,4277
33092198,4278
NIKHIL Karki ,4279
Abhishek Singh Manhas,4280
Troy Fisher Stewart,4281
Rajnish Singh Rajput ,4282
25681125,4283
AmAn Goyal ,4284
Shashank Shawak,4285
Akash Sonune,4286
Gautam Patankar ,4287
Deepak Narang ,4288
Vishnu Jalumuri,4289
13412425,4290
Rahul Chhajed,4291
Anirudh ,4292
Randy McDonald,4293
Mayur Sah,4294
12787790,4295
Iqbal Bhatt ,4296
Abhishek Rai ,4297
Vivekananda Shetty,4298
25099470,4299
24349203,4300
Nishant Rajpoot,4301
14834163,4302
25312925,4303
Gaurav Raghubanshi,4304
Ajaz Wani ,4305
Bikash Upreti,4306
25124017,4307
27763428,4308
12776424,4309
Rudraksh Yagnik,4310
24946666,4311
Amitesh Chandan ,4312
25085474,4313
Muthu Somasundaram ,4314
25082336,4315
Arindam Banerjee ,4316
26958421,4317
14911727,4318
12563560,4319
Kushal Pratap Singh ,4320
Shrey Patel ,4321
Kewal Singh Negi,4322
22454646,4323
Ajay Yadav ,4324
Amit Adhikari ,4325
Komal Agarwal ,4326
Ravi Handa,4327
35478030,4328
Divyansh Dwivedi ,4329
25071139,4330
25615464,4331
Vinod ,4332
Mahimna Bhagwat,4333
Mustafa Zargar,4334
Prateek Jain ,4335
Sai Suman ,4336
Nikul Sharma ,4337
Ayush Rai ,4338
Yaqoot Khan,4339
Mariyam Khan,4340
Zakir Khan ,4341
Naved Ahmad ,4342
Deepak Mehta ,4343
Ashish Channawar,4344
Syed Jack Rizvi,4345
Farheen Sayyed,4346
Anirudh Giri ,4347
28567549,4348
Musharraf Sheikh,4349
28789735,4350
Akash Guha ,4351
28539477,4352
Sandeep Devapur,4353
Sarath Teja Somina,4354
29107120,4355
Bharat Raj Gujjari,4356
Vipul Malkoti,4357
15965860,4358
12747009,4359
Srividyaa Nachikachi,4360
Shivam Shrivastav,4361
14265901,4362
Sumit Singh ,4363
12356006,4364
Saif Al Falah,4365
Onkar Jadhav ,4366
Ayush Nadimpalli,4367
Sumanth Babu ,4368
Krishna BS ,4369
33293504,4370
Mihir Sharma ,4371
Pankaj Kumar Shukla ,4372
41688277,4373
Vìjáy Bhõj Räj Çm,4374
Avishal Rewani,4375
Hridja Tripathi,4376
Raghu Urs,4377
Nikhil Tiwari ,4378
33291047,4379
Binod Singh ,4380
Adithyan C P,4381
Adwait Dhuri,4382
Siddharth Dey ,4383
D Sauce,4384
33348660,4385
Sagar Gohil ,4386
Suhail Nazir ,4387
Ayush Kaushik,4388
Sanidhya Somwanshi,4389
Darshan Maheshwari ,4390
Vishesh Dabas,4391
30161196,4392
Mula Ram C,4393
39006663,4394
Narasimha Prasad ,4395
Asad Khan ,4396
Lokanath Reddy ,4397
Utkrisht Kumar Shandilya,4398
Rohan Kharadkar,4399
Anupam Bhattacharji,4400
Vamsi Krishna ,4401
Biju Bhai,4402
Sushant K Vasher,4403
15680838,4404
15617450,4405
28603894,4406
Muntazir Ali ,4407
28283818,4408
Jyoti Sinha ,4409
12932202,4410
Salvius Pereira,4411
Ashish Tiwari ,4412
19154597,4413
Akshay Naik,4414
Partha Sarathy ,4415
Siddharth Goyal ,4416
Devojoyti Halder,4417
25031257,4418
42457129,4419
40483354,4420
Koka Gupt,4421
Ramesh Singh ,4422
31417737,4423
25112339,4424
33884318,4425
Neil Shukla,4426
Gilson Varghese,4427
Saurabh Tiwari ,4428
37442668,4429
Savithri B,4430
37445625,4431
Rishi Khemani,4432
Vivek Jadli,4433
Abhishek Bharadwaj ,4434
Malick Hj,4435
Bhavin Pathak,4436
42112099,4437
Aditya Mathur ,4438
Dheeraj Mishra ,4439
Pooja Kshirsagar ,4440
Vineet Sinha ,4441
Mudassir Ahmad ,4442
Amir Khan ,4443
Mihir Bhatawadekar,4444
Govind Melitte,4445
Mayur Doifode ,4446
Ameet M Rayanagoudar,4447
Rajbir Singh ,4448
Harman Bangar,4449
Someshwar Trivedi,4450
Kunjan Modi ,4451
Ashok Bhatt ,4452
Adil Rashid ,4453
Akshay Panwar ,4454
Manu Taneja,4455
36377937,4456
Anoop Moody Kajjer,4457
Sanket Kumar ,4458
Narendra Sharma ,4459
Kapil Bhatia ,4460
Siddharth Pandit ,4461
Lokesh Suthar ,4462
Kaivalya Sharman,4463
42007411,4464
26610698,4465
Mohit Gaur ,4466
Shitij Sablania,4467
26102756,4468
Aathan,4469
Kavindra Joshi,4470
Diya Rana ,4471
Deependra Nawalgaria ,4472
Ssb ,4473
Muthu Kumaran ,4474
41265130,4475
Pawan Kumar ,4476
Saneesh Pillai,4477
Suresh Babu ,4478
Ved Vyas ,4479
7133600,4480
Sujai Kaarthik B,4481
Gopal Lal Tolambia,4482
Sidharth Shankar ,4483
Suheel Hamid,4484
38779709,4485
Gummadi Banu Prakash,4486
Abhinandan Verma ,4487
Gargeya Kulkarni,4488
19900702,4489
Adhi Ram,4490
19911021,4491
Swapnil Mehendale,4492
Abhishek Chaturvedy,4493
12811034,4494
Zaid Hasany,4495
39264030,4496
Kulathumani S,4497
Krishna ,4498
Deepak Mishra ,4499
Akash Ashok ,4500
Vijay Kumar Sarabu,4501
34258493,4502
Shubham Mathur ,4503
Danish Pandita,4504
Krish Vikram,4505
28179289,4506
Ashish Singhal ,4507
Harish Ahuja ,4508
28701782,4509
34410544,4510
Priyanshi Srivastava ,4511
De Ja ,4512
Uttam Sharma ,4513
Madhu Mandal ,4514
Ramesh Gupta ,4515
Samar Shekar,4516
Uddhav Yadav,4517
Sumit Khyalia,4518
Jimmy Euler,4519
Harshal Kothari ,4520
19518997,4521
Shubham Gupta ,4522
Umair Ali Zafar,4523
Sasi Kumar ,4524
Syed Akrama,4525
Asma Hashia,4526
Nikhil Puranik,4527
32651163,4528
Rakshit Sharma ,4529
Suraj Pai ,4530
Poulomi Hari ,4531
Yashraj Kesharwani,4532
Aravinth Murugan,4533
Anurag Sharma ,4534
Shubham Tiwari ,4535
25606905,4536
Anand Singh ,4537
Mohammed Rafiq Sethi,4538
20087444,4539
Aakash Dutta ,4540
Anwar Hussain ,4541
Sahil Bhat ,4542
27258723,4543
Umesh Mulage,4544
19894279,4545
Pravar Chaturvedi,4546
14123144,4547
Shivdeep Nancherla,4548
Ravi Prakash ,4549
Ayushi Honeywee,4550
Gaurav Arya ,4551
Snigdha Suggala,4552
Vince Parker,4553
35688112,4554
Ze Khong,4555
19926322,4556
Pyie Sone,4557
17918666,4558
10298872,4559
Erica Friedman,4560
20911465,4561
Gary Owen ,4562
Bhanu Korremula,4563
20911654,4564
28596426,4565
Fatima Nadeem ,4566
Rituraj Srivastava,4567
28276352,4568
Kinjal Michael Datta,4569
Spandan Bhattacharya ,4570
Gaurav Raj ,4571
21319891,4572
18327663,4573
Ali Asad ,4574
42638739,4575
Kunal Sharma ,4576
Vinit Kumar ,4577
Saran Udayakumar,4578
42639624,4579
Subhash Suresh,4580
28199160,4581
28693189,4582
Navya Rana ,4583
Mahika Singhmar,4584
Shyam Koundinya ,4585
31328418,4586
Ameya Oola,4587
Gurjap Singh ,4588
Nidhi Kankaria,4589
Kiran Sharma ,4590
Rohit Koul ,4591
Ravi Teja ,4592
25018583,4593
11733562,4594
Sushikh Bose,4595
Gurpreet Singh Goraya,4596
Brijesh Pal ,4597
Amit Gandhi ,4598
Ankan Bose,4599
Prateek Gattu,4600
Piyush Sain,4601
MaYuR ,4602
Adit S,4603
Swapnil Sagar ,4604
33277535,4605
Jagyaseni Biswas,4606
Shailesh Hatte,4607
Archana Kumari ,4608
Muheed,4609
Prajkta Malve,4610
Shubham Khanduri ,4611
Kelly Kinkade ,4612
12675552,4613
David Luesley,4614
Mark Ferguson ,4615
Carolyn Russ,4616
David Lickiss,4617
Nupur Deshpande ,4618
Arpit Tyagi ,4619
Prabhakar Bhat,4620
Angela Stockton,4621
Max Anders,4622
Steve Pavlov,4623
Michael Bertsch,4624
Richard Lawrence ,4625
Prashant Kumar Jha ,4626
Michael Phong Mitchell,4627
26517948,4628
Omkar Bhosale ,4629
Ray Cook ,4630
Stephen Lange,4631
Joseph Wong ,4632
Meredith Lesly,4633
12659097,4634
Pat McAnaney,4635
Adarsh Jose ,4636
Mudit Dixit ,4637
Ganesh K ,4638
Sagnik Das ,4639
Raju Sivaramakrishnan ,4640
Nilayan Bhattacharya,4641
20284872,4642
Yash Verma ,4643
Rohan Karkra,4644
Piyush Michael,4645
Dharmesh Panchal ,4646
Nanhe Sharma,4647
Abhisek Bhowmik ,4648
Vivek Regunath,4649
20286153,4650
Esy Ray,4651
Kartik Mishra ,4652
Manan Mody ,4653
Advait Shanker,4654
Jaydeep Pathak ,4655
Susiddharthak Chakraborty,4656
42233167,4657
32617428,4658
Adnan Mustafa ,4659
36477341,4660
Rahil Sanwla,4661
Dhruv Kaushal ,4662
Saivenkat Nanduri,4663
Aditya Gairola ,4664
Nipun Mittal ,4665
Chandra Bhanu Prakash,4666
Yashika Sharma ,4667
Hemant Behera,4668
Raghavendra Betageri,4669
Anshuman Singh Jamwal,4670
Prem J ,4671
Nachiket Saggam,4672
Prabhakar Tiwari ,4673
Albert Henry ,4674
Piyush S ,4675
Palash Jhamb ,4676
Vinodh Nair ,4677
Shrey Nair ,4678
Vivek Gupte ,4679
14426822,4680
Pulkit Goel ,4681
Rahul Vats ,4682
Aditya Tiwari ,4683
Vedant S ,4684
Sourav Sureka,4685
Shiva Sashidaran,4686
39797402,4687
Firaq Rampuri,4688
30165612,4689
Akshay Taneja ,4690
Sushant ,4691
RAKESH PATEL ,4692
Shivam Raina ,4693
Shivam Kumar Jha ,4694
Akash Deep,4695
Vanaj Vidyan,4696
Manish Dudi ,4697
Varsha Singh ,4698
Ashutosh Rana ,4699
7061015,4700
Sumir Sethi,4701
17667235,4702
39635333,4703
17667793,4704
Jashan Jeet Singh ,4705
Rajeswari Vaishnav,4706
Himanshu Rai ,4707
Hamza Rabbani,4708
Sunil Kumar Soni ,4709
33843228,4710
Manasi Desai ,4711
33757363,4712
33791615,4713
Neha Bhan ,4714
Vanshika Fotedar,4715
Ishang Lal,4716
Arsalan Iftikhar ,4717
Saniya Udeshi,4718
Sehdev ,4719
28452411,4720
19585706,4721
Abhishek Murali ,4722
Saurabh Rathi ,4723
Rohit Kumar Das ,4724
Sagar Sansare,4725
Ishira Munshi,4726
Pabitra Saha,4727
21359135,4728
Helmuth Ziggler,4729
Arpit Srivastava ,4730
Rahul Kalra ,4731
40941599,4732
Owais Wani ,4733
21292158,4734
27068172,4735
27050215,4736
Arvind Vedaprakash,4737
Herman Rodrigues,4738
Vivek Deshpande ,4739
Rajiv Nitish Palagummi ,4740
Amritesh Anand ,4741
Amit Tanwar ,4742
Nisha Varghese ,4743
Nandan Oberoi,4744
Amit Abhishek,4745
Aastha Kapoor ,4746
Abraham TJ,4747
Abhishek Ambilwade,4748
26257373,4749
26849280,4750
Keith Lobo ,4751
Amol Nangnure,4752
Safwat Zaki,4753
25096032,4754
Shardul Jani,4755
25096751,4756
Md Kamrujjaman,4757
22203564,4758
22018005,4759
Saumya Sil,4760
Syed Yasir Qureshi,4761
Ashish Joshi ,4762
29113689,4763
Sriharsha Chintalapati ,4764
Kashyap Kedia,4765
16718112,4766
Sukanya ,4767
Narayana Murty N,4768
42087311,4769
Vamsi Jayasimha Karanam,4770
17792328,4771
21795441,4772
Vikram Tickoo,4773
11700552,4774
Alakananda Sengupta,4775
Lone Taha ,4776
Sumit Bhat ,4777
Manohar Chandrasekhar ,4778
30558488,4779
14564428,4780
Shahid Norman,4781
19589316,4782
SaVeza,4783
42158123,4784
33093659,4785
42083206,4786
42102117,4787
42161126,4788
Mir Musaib ,4789
Deenadhayalan Ponnusamy,4790
30757027,4791
Komati Rajkumar,4792
Karan Shah ,4793
Nilay Mohgaonkar,4794
Abhik Chaudhury,4795
Pramod Krishnamurthy ,4796
Vishal Verma ,4797
Tim Whikrm,4798
Naveen Sood ,4799
Nishanth S Swaroop,4800
Subhojit Dhar,4801
Hirok Nayan Bhuyan,4802
38497518,4803
Akshay Shah ,4804
Pankaj Verma ,4805
Asheesh Tiwari ,4806
Parth Gupta ,4807
Porag Gogoi,4808
Vishal Wadje ,4809
17000770,4810
Anuj Chowdhary,4811
27973728,4812
Anjum Rauf Meer,4813
Shrish Singh Thakur,4814
Habib Afridi ,4815
Hari Kumar ,4816
Pir Saien,4817
Rama Pokkunuri,4818
Santhana Krishnan ,4819
P Zankat,4820
Palwasha Bibi,4821
28554242,4822
28182946,4823
Rajbir Singh Chawla,4824
28194420,4825
34027569,4826
20959724,4827
Krishna Raghav ,4828
Faailah Khan,4829
20950399,4830
Mahesh Indi,4831
Sukesh Enugula,4832
Swathi ,4833
Arpan Kumar De,4834
Sandeep Manudhane,4835
Lavanya Krishna ,4836
Abhiram Kulkarni,4837
Manu Parashar,4838
39299305,4839
Ujjwal Bhatt,4840
28702495,4841
Varun Gupta ,4842
34014710,4843
Adarsh Ravi ,4844
28844292,4845
Roji Abraham,4846
17437107,4847
Farhan Ahmad ,4848
Absher Rashid,4849
Shilpa Rathi ,4850
18830042,4851
Amresh Giri ,4852
Dheeraj K Shavan,4853
Fatin Nasir,4854
28696930,4855
Karan Saini ,4856
Pavan Reddy ,4857
24509156,4858
28478666,4859
Sourav Sudan,4860
Bilal Ayub ,4861
Nadim A AbdelGhaffar,4862
Tismehar Singh Sehgal,4863
32515980,4864
Omar Nama,4865
Gus Sinha,4866
14245207,4867
Pratick Gupta,4868
38049265,4869
Anujit Ajit Nene,4870
Rohit Joshi ,4871
P nimesh,4872
Kalhan Raina ,4873
Vignesh Swaminathan ,4874
28260257,4875
Vaishnav ,4876
Vijay Goüd,4877
15432676,4878
15660408,4879
Mugdha Jain ,4880
AJ Paikekari,4881
Amit Jodha,4882
13449591,4883
Hem Lohumi,4884
34185125,4885
Karthikeyan Sivakumar ,4886
22923063,4887
Rajesh Rakshit Deb,4888
Aaditya Kadam ,4889
Abhishek Sehrawat ,4890
ASif ALi ,4891
Khalid Farooq ,4892
Siddhartha Mahavira,4893
Abhishek Bhansali ,4894
Umer Khayam ,4895
29182737,4896
28433472,4897
Ali Khan Baba,4898
27056494,4899
Bismoy Sarangi,4900
Febin Sunny ,4901
14558225,4902
Sanchit Jain ,4903
26640484,4904
Sahith S Tiger,4905
26619637,4906
Ankit Sengar ,4907
Sachin Dutt ,4908
Ibrahim Salman ,4909
Praveen Kumar ,4910
Gaurang Deshpande ,4911
Nitish Raj ,4912
Hemant Kshirsagar ,4913
28711748,4914
Ambarish Ambuj,4915
12296468,4916
Srikanth Nutigattu,4917
Anant Mahadev,4918
18048399,4919
Sunayna ,4920
Aanand R Pandey,4921
Rohan Hadap,4922
18053514,4923
Avish Dubey,4924
18023244,4925
Nikunj Agrawal ,4926
Mangesh Mali ,4927
Shrey Jogani ,4928
Milan Lamshal,4929
38122049,4930
18828576,4931
Alevoor Rajagopal,4932
18854958,4933
26257172,4934
35072133,4935
Arjun Deb,4936
RoEit Sawant,4937
Abdullah Saeed ,4938
Chaitu Val Kan O,4939
Dravin Nayak,4940
Satyam Arya ,4941
Mohammad Zafiruddin,4942
Apov Walia,4943
Anuj Pratap Singh ,4944
Jatin ,4945
41885171,4946
11947315,4947
Darshit Bhatt ,4948
Ashish Choudhary ,4949
17585099,4950
Parth Ojha ,4951
Shahnawaz Shamsul Islam,4952
Rohail Reyaz,4953
Achraj Gupta,4954
Yashi Vellan,4955
Monojeet Debnath,4956
Showkat Shaira,4957
Mir Murtaza Asif,4958
Raj Kundalia,4959
Rupesh Chavan ,4960
Sreevathsa Gurikar,4961
Maheswara Sastry M,4962
Arijit Das ,4963
Arshad Ahad ,4964
Aditya Mishra ,4965
31175270,4966
Devasheesh Dubey,4967
Dillon Borges,4968
Vibhu Agrawal ,4969
30831006,4970
Chandraraj Solanki ,4971
Shree Kant ,4972
25756831,4973
Vishal Mahajan ,4974
6990944,4975
PARAS BAROT ,4976
Abdullah Mohiuddin ,4977
Mahesh Nagar ,4978
Jais Uddin,4979
Atul Phansalkar,4980
Dev Acharya,4981
25392742,4982
Mainak Biswas ,4983
Ronald Johnson ,4984
MissN Khan,4985
Vaishali Gupta ,4986
Vee Vardan,4987
ARD Mehra,4988
25115334,4989
Umesh Pal ,4990
Tanmoy Pandey,4991
Jas Mirza,4992
25023592,4993
Sam Bailey ,4994
Sharique Naseem,4995
24968190,4996
9286334,4997
Priyanshu Vaidya ,4998
28556615,4999
Gabriel Chan,5000
Ankush Mukherjee ,5001
Wilson Tiru,5002
Mehul Rathi ,5003
Aditya Pathak ,5004
Amit ,5005
Chirantan Das ,5006
Edwin Benny ,5007
Mahi Shashank,5008
37092955,5009
Anil Dharni ,5010
Shashank Shukla ,5011
Amitesh Gupta ,5012
Tapas Kumar Mahalik,5013
DrSatwant AB,5014
Vijay Chhabra ,5015
Atul Tiwari ,5016
Keshav Kishore ,5017
Dishank Bhan,5018
Hiren Kotecha,5019
Devendra Prasad ,5020
Varun Tripathi ,5021
Surjit Arora ,5022
Ashish Kumar Singh ,5023
Sunil Agarwal ,5024
Ritesh Kuwar,5025
Bharat Vashistha ,5026
Samruddhi Pathak ,5027
28536251,5028
28568054,5029
SURAJ Thakur ,5030
Vijay Bansal ,5031
Dilip Bharadwaj,5032
Pankaj Nanda ,5033
Yogesh Nawani,5034
Rahul Sahu ,5035
31527596,5036
Apoorv Garg ,5037
39294509,5038
Prateekraman Pandey,5039
Susheel Tiwari,5040
Pranay Sawant ,5041
Murallikrishna Matta,5042
Hamza Ahmed Siddiqui,5043
Kumud Shankar,5044
Niraj Kothawade,5045
Aarti Dwivedi,5046
Goutam Tulsiyan,5047
Bhargav Purohit,5048
Hitesh Kewalramani ,5049
Rashmi Gupta ,5050
Jaffar Akbari,5051
31527738,5052
Madhav Thakker,5053
Omkar Borkar,5054
Tashreef Ihtisham,5055
30933999,5056
Arslank Pakistan Paindabad,5057
Satish Ramakrishna ,5058
Sunit Banavalikar,5059
Raman Raj ,5060
Haider Ali Bajwa ,5061
Ankit Agrawal ,5062
Chakraborty ,5063
10084574,5064
Arpit Rastogi ,5065
29339977,5066
Ayush Sharma ,5067
Vikal Mahalwal ,5068
Prabal Khanna ,5069
Rajneesh Bhardwaj,5070
Gaurav Kohli ,5071
Alok Pandey ,5072
10082734,5073
Pankaj Singh Kaintura,5074
25114693,5075
Priya Tyagi ,5076
Ravi Aswani,5077
25098992,5078
Kavita Bisht ,5079
Abhas Verma,5080
Manya Agarwal ,5081
Peter Pudaite,5082
Shubham Singh ,5083
Sharath Chandra ,5084
Sneha Bhat ,5085
Devendra Damle,5086
Subhasis Ghosh ,5087
Roshan Satapathy,5088
Taufiq Ali ,5089
Dilawar Jk,5090
Shreyash Mishra ,5091
Nirmalya Kajuri,5092
Varun Yj,5093
Gautam Bikash Mech,5094
Yogesh Gupta ,5095
Arun Keertan,5096
